file	line	text
001.孙中山见了李鸿章吗？.txt	3	八十三岁的老国民党桂崇基，在6月1日的《传记文学》上，写了一篇《中山先生见李鸿章》，原文如下：
001.孙中山见了李鸿章吗？.txt	7	看了这篇文字，我忍不住要对自己说：“国民党又造假历史了，我非拆穿它不可！”下面就是我这违章历史拆除大队的一次成绩。
001.孙中山见了李鸿章吗？.txt	11	桂崇基是江西贵溪人，美国哥伦比亚大学硕士，1925年回国任教广东大学（中山大学前身），后任考选委员、国大代表。来台后任东吴大学校长。他因为在国民党内斗中，很早就给斗下来，所以早就过气了。不料他不甘寂寞，写《中国国民党与中国共产党》等书之不足，又来这么一段历史，有历史训练的人，一眼就可看出它是捏造的，为什么呢？
001.孙中山见了李鸿章吗？.txt	19	何况，既说唐绍仪“返回香港”见孙中山，则孙中山本人，必须人在香港，才有见到的可能，无奈这年孙中山根本不在香港，他人在广州做医生，并且2月起就“以医务委之于尹文楷，自偕陆皓东自湖南循长江东下，抵上海”（《国父年谱初稿》）了，纵使唐绍仪“返回香港”，也见不到孙中山啊！
001.孙中山见了李鸿章吗？.txt	23	1882年，孙中山十七岁时候就结交了陈少白等，被呼为“四大寇”。陈少白后来在《兴中会革命史要》里，曾有这样的追忆：
001.孙中山见了李鸿章吗？.txt	25	有一天，我在香港，他在广州，忽然药房里有信来，说：“孙先生失踪了，药房中开销很难，收入不敷只剩十几块钱了。”我接到信，就到广州去，替他维持店务。等了多天，一点消息都没有，心里非常焦急。到十六那天，他忽然跑来了，手里拿了很大一卷像文件的东西，他见了我就说：“对不起！对不起！”我问他：“你跑到什么地方去的？”他说：“这些事情不要去管他了。”就打开手里的一卷纸给我，我拿起来一看，里面乃是一篇上李鸿章书，我方才知道他是跑到翠亨村的家里关起门来做文章去的。他叫我替他修改修改，我就随便修改一下，以后，他对于药房也不管理了，就到上海去要把这封信上给李鸿章。我没有办法，就让他去，同时我就替他把两间药房收拾起来，交回那些出过股本的人。
001.孙中山见了李鸿章吗？.txt	27	孙先生到了上海，找着了一个香山人，就是著《盛世危言》的郑观应（字陶斋）托他想方法见李鸿章。有一天，在陶斋家里碰到一位太平天国的状元王韬（号紫铨，别号天南遯叟），王韬曾到过香港助英国牧师沥博（Dr. Legge）翻译四书五经，沥博士回英国也请王韬同去，在英国住了几年，后来回到香港，为《循环日报》主笔。再回上海来，声名很盛，笔底对于世界知识，也很充分，并且他是和太平天囯有关系的人，所以孙先生在陶斋家里一见如故，就把那篇大文章，同王韬商量起来，王韬也重新替他加以修正。
001.孙中山见了李鸿章吗？.txt	29	这时候，王韬有一个朋友在李鸿章幕下当文案，王韬就写了封信，介绍孙先生到天津，见这位李鸿章幕下的老夫子，同老夫子商量，或者可以见李鸿章，孙先生快乐极了，就到天津去见老夫子。那时候，刚刚中日大战，打得很厉害，李鸿章至芦台督师，军书旁午，老夫子把孙先生的大文章送到李鸿章那边去，李鸿章是否看过，就不得而知了。不过后来李鸿章说：“打仗完了以后再见吧！”孙先生听了这句话，知道没有办法，闷闷不乐的回到上海，陶斋看见了，就替他想方法到江海关去领了一张护照，请他出国去设法，孙先生也就乘轮到檀香山去了。
001.孙中山见了李鸿章吗？.txt	39	在清末洋务运动中，郑观应曾多方面的参与，他做过不少有关富强的文字。1862年，他出版《救时揭要》，后来三十年间，陆续增订，最后成为《盛世危言》。
001.孙中山见了李鸿章吗？.txt	41	《盛世危言》全书共分十四卷，一至四卷为《富国》、五至七卷为《开源》、八至十一卷为《强兵》、十二至十四卷为《节流》，共一百零二篇。有某些篇后还附有英、法、德、俄等国有关资料和张之洞、薛福成等人有关文章。
001.孙中山见了李鸿章吗？.txt	43	1892年，郑观应在这书初刊自序中写道：
001.孙中山见了李鸿章吗？.txt	53	至于桂崇基说孙中山因唐绍仪之介，得识徐秋畦的事，也不能成立。据《国父年谱初稿》，1894年6月，孙中山“偕陆皓东至天津，上书李鸿章”，“先生在沪遇香山同乡郑官应，由其函托王韬介绍于李鸿章幕僚罗丰禄。迨先生偕皓东抵天津后，先访罗，又得徐秋畦为先容，求介见鸿章，先以书进。”则徐秋畦和孙中山的搭线，是罗丰禄而非唐绍仪。徐秋畦是李鸿章的幕僚，陈少白回忆中的“李鸿章幕下的老夫子”，该是指他。桂崇基说徐秋畦带孙中山见李鸿章的一些细节，虽然有趣，但是非常可疑。原因无他，以李鸿章的忙、李鸿章的大架子，他是根本不会见孙中山的！
001.孙中山见了李鸿章吗？.txt	55	但是，若说李鸿章根本不会见孙中山，这对国民党的附会之徒说来，是认为脸上无光的，所以，他们就开始捏造历史。胡去非在《孙中山先生传》（1931年8月上海商务印书馆版）里，曾集这种捏造之大成，胡去非说：
001.孙中山见了李鸿章吗？.txt	57	至北京时，冒险谒李鸿章，密陈北京政府之横暴腐败，革命之不可缓，议论雄快。李谢之曰：“今日之革命，余亦知其不可已；然余年七十有九，精力既衰，断不能大有为，幸君努力为之，中囯前途，唯君等是赖，余必为君后援”云云（见时事新报馆编《中国革命记革命党小传》）。吴稚晖编年系“别传”云，中日交战前，先生由湖南出扬子江口，由海路入北京，深夜冒险晤李鸿章于私邸，陈说大计，劝李革命。李以年耄辞。此为癸巳二十八岁以前之历史，即自传所谓“十年如一日”也。
001.孙中山见了李鸿章吗？.txt	61	胡去非本人后来也不信这些捏造，他在《总理事略》（1937年10月上海商务印书馆版）中，就有“先生见李鸿章不遂”的更正。但是国民党逃到台湾后，却把这一捏造，花样翻新起来。首先是1965年11月11日《新生报》登出“中央社特稿”——《万世风范的国父》，其中说：“在国父演讲时曾担任过记录的中国广播公司董事长梁寒操，讲了八个有关国父生前的小故事，来纪念国父百年诞辰。”梁寒操讲的第一个故事是：
001.孙中山见了李鸿章吗？.txt	63	国父在二十七八岁的时候已经出来行医，有一次他满怀爱国报国的热忱，上书李鸿章，并由唐绍仪陪同，去见李鸿章。当时李鸿章还没有看完国父所上的书，就老气横秋地对国父说：“天下大事困难重重，不是你们年轻人所能够了解的。”国父辞出后，大为光火，眼睛冒出愤怒的光芒对唐绍仪说：“我起先以为李鸿章很行，现在才知道他根本不行，我的建议他干不了，我自己来干！”
001.孙中山见了李鸿章吗？.txt	67	梁寒操捏造历史中，提到孙中山见李鸿章是“由唐绍仪陪同”的，这种捏造，未免太粗糙；所以十八年后，这一捏造由桂崇基翻做，变成唐绍仪是中间人了，而“陪同”的，又换成徐秋畦！当《传记文学》的编者向桂崇基专函请教出处的时候，桂崇基说：这是“民国二十年左右”唐绍仪亲口对他说的！他居然把这段秘史埋在心里五十多年，真是天晓得他在干什么啊！
001.孙中山见了李鸿章吗？.txt	71	最近，我的老师吴相湘《孙逸仙先生传》出版了，他对孙中山这段公案，有了新的资料与解释，他根据大陆资料，提出了一封郑观应给盛宣怀的信，信中说：
001.孙中山见了李鸿章吗？.txt	77	吴相湘说：
001.孙中山见了李鸿章吗？.txt	81	吴相湘说：“孙先生既正努力革除陋习，当不会纳贿求见。”以这一理由而不能见李鸿章，是可疑的。因为见李鸿章是大事，孙中山识其大者，当不致因小失大。我看根本的原因还是孙中山当时人微望轻，李鸿章不肯见他而已。
001.孙中山见了李鸿章吗？.txt	85	吴相湘在《补注》里，提出一个孙中山上李鸿章书的新说法，他说：
001.孙中山见了李鸿章吗？.txt	95	我在《孙逸仙和中国西化医学》一书里，曾有专章——《“改良”与“革命”之间》——讨论孙中山的转变过程，我说：
001.孙中山见了李鸿章吗？.txt	99	我又说：
001.孙中山见了李鸿章吗？.txt	101	这个分野，也就是从“改良”观点到“革命”观点的分野；这个分野，它的最后爆破点是《上李傅相书》的失败。
001.孙中山见了李鸿章吗？.txt	103	关于上书的事、关于这次走改革路线的经过，我们在孙中山的自述《伦敦被难记》中也可得到主要的说明：
001.孙中山见了李鸿章吗？.txt	111	在这段话中，孙中山原始的改良主义的色彩，是非常明显的。所谓“和平手段”、所谓“渐进方法”、所谓“请愿于朝廷”、所谓“冀万乘之尊或一垂听”、所谓“政府之或可奋起”、所谓“全体联名上书”、所谓“和平方法”等话，都是明显的改良主义的语句，都不是革命的立意与手段。直到这些立意与手段都“无可复施”的时候，才轮到“不得不稍易以强迫”、“徐图所以倾覆而变更之者”。
001.孙中山见了李鸿章吗？.txt	117	我仔细观察孙中山一生的言论，发现他的和平改革的色彩、缓进的色彩，始终很浓厚。孙中山远在民国前六年，就演说指出“革命的事情，是万不得已才用，不可频频用之”（《三民主义与中华民族之前途》）；在这篇演说后十六年，他同样的说：“诸君要晓得，革命是不得已而为的事。”（《三民主义为造成新世界之工具》）在1923年的一次演说中，他甚至带着一点似乎“挖苦”的意味，来指出“中国式之革命家”的性质，他说：
001.孙中山见了李鸿章吗？.txt	121	在1919年和1924年的两次演说中，他甚至明白的指出：“改造”“维新”的意思，与“革命”并无不同。他说革命两字，有许多人听了，觉得可怕，但革命的意思，与改造是完全一样的。”（《改造中国之第一步只有革命》）他又说：“外国革命，有许多是成功的。离我们最近的就有日本，日本维新，大家都知道是成功的，维新事业和革命事业是相同的，维新成功就是革命成功。”（《革命成功始得享国民幸福》）这些明明白白的改良论调，岂不正正都是这个伟大革命家的论调吗？
001.孙中山见了李鸿章吗？.txt	125	罗香林在《国父之大学时代》中说：
001.孙中山见了李鸿章吗？.txt	129	罗香林对怀疑上李鸿章书真伪的人的指摘，是可通的，但是他说孙中山“欲试探李氏意志，俾为实行革命张本”的推论，却未免牵强。孙中山上书无效，就是最好的“革命张本”，原来那个上书的“张本”，事实上该是“改良张本”才对。《伦敦被难记》中自述清吏向他说“汝前尝上策于总理衙门，请其转奏朝廷，汝策良佳”等话，也是孙中山当时走改良路线的一个有力旁证。
001.孙中山见了李鸿章吗？.txt	133	罗香林在《香港早期之西医书院及其在医术与科学上之贡献》中说：
001.孙中山见了李鸿章吗？.txt	135	唯孙先生在该院，除于学校规定课程外，亦兼喜研究农田、舆地与经史诸学。尤嗜于中夜起床读书，法国革命史与达尔文《物种原始》（《物种起源——编者》）一类专书，最所喜读。盖是时适值达尔文逝世后数年，其进化论学说风靡全欧，康德黎博士即首为介绍其学说于香港。孙先生殆为国人研究进化论之最早起者。
001.孙中山见了李鸿章吗？.txt	139	罗香林又说：
001.孙中山见了李鸿章吗？.txt	147	二、孙中山受达尔文的影响是不错的，这从他自述“于西学则雅癖达文之道（Darwinism即达尔文主义）”可得证明。但是达尔文真正影响孙中山的，“知难行易”学说还属小焉者也，并且还待考。真正影响他的，乃是一种对人际看法的“演化眼光”。由于具有“演化眼光”，所以即使革命，也“究不过抱温和主义，其所主张者非极端主义”。这种因达尔文而来的影响，对当时深信“演化论”的人，不论是严复或孙中山，都没有例外。而介绍“演化论”到中国来的人，从伟大的严复以下，他们的最大“孤独”，也许却正是感到中国人并没真正的了解“达尔文之道”！中国人所能了解的，只是“物竞天择”“适者生存”那一套，并不是真正的“演化眼光”那一套。因此之故，中国人近百年来，最多的是鲁莽灭裂的所谓“革命家”“革命英雄”“终身革命者”和“吃革命饭者”。他们“彻底”这个、“极端”那个，整天“革”别人的“命”，可是革来革去，不但没达到“彻底”“极端”的“革命”的大效果，甚至连他们所看不起的“改良”的小效果都没达到。虽然这样，他们却还日复一日的高叫“革命”“革命”、年复一年的高叫“革命”“革命”。总还迷信鲁莽灭裂的方法，妄想“一了百了”、妄想“一蹴而就”、妄想“迎头赶上”、妄想“一次解决”，而其结果，却永远是欲速则反迟、想快却更慢。这些悲剧，追究起来，都是没有深刻了解“演化眼光”的缘故。他们这些人的智慧，比起严复和孙中山来，真是太远了、太远了！
001.孙中山见了李鸿章吗？.txt	153	直到孙中山死后，他生前的一个“敌人”陈垣（援菴，做过辅仁大学校长）以史学家的博闻强记，挖出了这件事。陈垣告诉了另一个博闻强记的史学家顾颉刚，顾颉刚亲自去找，终于在1894年9月10日的上海广学会《万国公报》第六九、七〇号上，找到了“广东香山来稿”的《上李傅相书》！
001.孙中山见了李鸿章吗？.txt	157	吴敬恒在《中山先生年系》1894年二十九岁条下写道：
001.孙中山见了李鸿章吗？.txt	159	是年七月一日中日开始宣战。自传曰：“至甲午中东战起，以为时机可乘，乃赴檀岛美洲。”出洋后，邮上李鸿章一书。所以知其邮上者，因书中有“文于回华后……”云云也。邮书必在八月，因是年九月十月份之上海万国公报已登该书矣。又此书首言“窃文籍隶粤东，世居香邑，曾于香港考授英国医士”云云，若甲午前曾深夜晤李于私邸，必不做此开端。则别传冒险之说，必系传闻之误。
001.孙中山见了李鸿章吗？.txt	161	吴敬恒这里所说：“若甲午前曾深夜晤李于私邸，必不做此开端。”是对的。但必须证明上李鸿章书乃在求见李鸿章之后，这种推论，才能成立。若上书在先，上书且是求见前的先容步骤，这种推论，就大有问题。孙中山《上李傅相书》发表于《万国公报》显然在正本早就送达以后。他在正本送达后南下，以“广东香山来稿”方式投书《万国公报》，显然又不是桂崇基笔下“大骂李鸿章是官僚”的北上情况。所以，结论是：国民党绘影绘声说孙中山见李鸿章的事，从旧式捏造到新式捏造，没有一件可以成立。
002.孙中山向清吏下跪求饶.txt	5	11月7日，国民党《中央日报》上有消息如下：
002.孙中山向清吏下跪求饶.txt	9	中视制播《伦敦蒙难记》
002.孙中山向清吏下跪求饶.txt	11	根据国父亲撰《伦敦被难记》《党史会藏》，胡汉民编《总理全集》与《中国古代名人列传》等书编剧而成的《国父伦敦蒙难记》，11日下午4时将在中视频道播出，这是一出国语电视剧。
002.孙中山向清吏下跪求饶.txt	13	《国父伦敦蒙难记》的历史背景是国父在前往英国，准备组织华侨，扩大革命力量时，腐败专横的清廷竟以诡计将国父诱入“中国公使馆”，幸亏国父大仁大勇的精神和机智应变的能力，以及国父英籍老师康德黎的全力协助，才脱离虎口。
002.孙中山向清吏下跪求饶.txt	15	当时，由于舆论的报导和介绍，使全世界不但公认国父是中国革命领袖，同时也促使国父在大英博物馆完成了三民主义的理论基础。《国父伦敦蒙难记》即完全依据史实演出国父伦敦蒙难十二天的经过，借以向逝世五十九周年的国父，表达敬意。
002.孙中山向清吏下跪求饶.txt	23	国民党笔下的伦敦蒙难事件，其实真相是很“罗生门”的。换句话说，真相是有不同的说法的，并且有的说法还是矛盾的、对立的，包括孙中山自己的说法在内。我们先看孙中山自己的说法。《伦敦被难记》（《伦敦被难记》原文系英文，名为“Kidnapped in London”，由甘作霖中译，中华民国元年5月初版，上海商务印书馆印行，以后各处所翻印均本此）中说法如下：
002.孙中山向清吏下跪求饶.txt	25	1896年10月1日，予始抵伦敦，投宿于斯屈朗（Strand，伦敦路名）之赫胥旅馆①。翌日即至波德兰（Portland place，伦敦区名）覃文省街（Devonshire Street）46号康德黎②君之寓所相访。康君夫妇招待甚殷，并为予觅相近之舍馆曰葛兰旅店（Gray's Inn），使徙止焉③。予自是即暂居，每 日独处无聊，辄往伦敦博物院游览，或访各处之遗迹，观其车马之盛、贸易之繁，而来往道途，绝不如东方之喧哗纷扰。且警察敏活，人民和易，在在均足使人怦怦向往也。予无日不造访康德黎君，每至必取其藏书，读而消遣。一日，予饭于其家，康德黎君戏谓中国使馆与伊家为邻，盍过访之，因相视而笑。康德黎夫人戒曰：“子毋然，彼公使馆中人睹子之面，行当出而相捕，解送回国耳。”予闻夫人言，益相与大笑，初不料后日竟成实事也。一夕，孟生医学博士（Dr. Manson）④邀余往餐，孟生君亦予香港旧识，曾授予医学者。君亦笑谓予曰：“慎勿行中国使馆，致堕陷阱。”予以是于中国使馆之可畏，及其相距之不远，历经良友之告诫，非全无措意者。然予至伦敦，为日犹浅，途径未熟，彼良友之告诫，于予初无所济也。
002.孙中山向清吏下跪求饶.txt	27	是年10月11日，适值星期，予于上午10点半钟时，自葛兰旅店（葛兰旅店在伦敦霍尔庞Holborn之葛兰旅店街。霍尔庞区名）赴覃文省街，意欲随康德黎君等赴礼拜堂祈祷。正踯躅间，一华人悄然自后至，操英语问予曰：“君为日本人欤？抑中国人欤？”予答曰：“予中国人也。”其人叩予以何省籍，予答曰：“广东。”其人仍操英语曰：“然则我与君为同乡，我亦来自广州者也。”夫中国盛行不规则之英语，名曰Pigeon英语，意即商业英语也。华人虽同隶一国，而言语多相扞格。譬如汕头之与广州，相距仅一百八十英里，视伦敦之与利物浦犹相近，然其商人之言语，乃彼此不相通，以是不得不借商业英语相通款。彼汕头人与广州人之商于香港者，多以英语相晋接，此足以见我国言语之歧杂矣。
002.孙中山向清吏下跪求饶.txt	29	予途遇之华人，既知予为粤产，始以粵语相谈，且行且语，步履颇舒缓。俄而又一华人来，与予辈交谈，于是予之左右，乃有二人相并而行矣。二人且坚请予过其所居，谓当烹茶进点，略叙乡谊，予婉却之，遂相与伫立于道旁阶砌。未几，又有一华人至，其最先与予相遇者，即迤逦去。于是此留而未去之二人，或推予、或挽予，必欲强予过从，其情意诚挚非常，予是时已至于阶砌傍屋之侧。正趦趄间，忽闻邻近之屋门砉然而辟，左右二人挟予而入，其形容态度又似谐谑、又似周旋。一纷扰间，而予已入，门已闭，键已下矣。然予尚未知此屋为谁之所居，故中心无所疑惧。初予之所以犹豫不即入者，盖急欲往访康德黎君及孟生博士冀同往礼拜堂，恐中途迟回而不及耳。迨予既入门，睹其急遽之状，且屋宇若是宽广，公服之华人若是众多，因陡然动念曰：是殆即中国使馆乎？又忆中国使馆在覃文省街之邻，意者予向时踯躅之所，必中国使馆左右之道途也。
002.孙中山向清吏下跪求饶.txt	31	予入门后，被引至一室，室中有一二人与予接谈数语，又自相磋商数语，遂遣二人挟予登楼，予亦不之抗。既登楼，复入一室，令予坐候。未几，而二人又至，更挟予上，是为第三层楼，仍令入一室中，其室有窗，护以铁栅，窗外即使馆之屋后也。须臾来一须发俱白之老人，施施然饶有官气，一入室即谓予曰：“汝到此即到中国，此间即中国也。”
002.孙中山向清吏下跪求饶.txt	33	言已就座，徐徐询予：“汝即孙文乎？”予曰：“然。”
002.孙中山向清吏下跪求饶.txt	35	其人曰：“实告汝，予得驻美使臣来电，谓汝乘麦歇斯的号轮船游历至英，故令我拘汝于此。”
002.孙中山向清吏下跪求饶.txt	37	予问曰：“拘予何为耶？”
002.孙中山向清吏下跪求饶.txt	39	其人曰：“汝前尝上策于总理衙门，请其转奏朝廷，汝策良佳，唯今者总理衙门急欲得汝，因令余暂相羁留，以待朝廷之命。”
002.孙中山向清吏下跪求饶.txt	41	予曰：“然则予之留此，可告吾友乎？”
002.孙中山向清吏下跪求饶.txt	43	曰：“否！是不能。唯旅馆中之行李，汝可草一函，此间人当为汝取之。”
002.孙中山向清吏下跪求饶.txt	45	予告以欲致书于孟生博士，其人乃命人给予纸笔，予书中大意谓此身已被禁于中国使馆，请转告康德黎君，俾取予之行李带下云云。其人阅竟。曰：“函中何能书及被禁二字，汝可别缮一函。”予乃另缮曰：“顷予在中国使馆，乞告康德黎君，为予送行李至此云云。”
002.孙中山向清吏下跪求饶.txt	57	孙文……身材短小，面黑微须，剪发洋装，由檀山行抵金山。同伴有二洋人：一名卑涉，亦美国金山人，素系檀岛银行副买办；一名威隆，亦美国人，向在檀岛服官，前次创议废主，因其未隶檀籍，所谋不逞。均挟厚资，居檀日久，是否孙文同党，尚难臆断。唯见同船偕来，交情甚洽。孙文借寓金山沙加冕街第706号门牌华商联胜杂货铺内。闻不日往施家谷⑤转纽约，前赴英法，再到新加坡。并闻有沿途联络会党、购买军火、欲图报复之说。该犯随身携带私刊书册两本，虽无悖逆实迹，检其上傅相⑥书，确有该犯之名，显系孙文无疑。现将原书设法觅取寄呈，俟访问该犯赴纽行期，再行电禀。查阅该犯书册两本：一系摘录明黄梨洲《明夷待访录》中《原君》《原臣》二篇，卷端加一小引，自称杞忧公子⑦；一系上李傅相书，洋洋万余言，自称文素在香港习西医，已蒙考取，敬乞傅相专委办农务。两种文笔俱畅达，昨已附致总署备核矣。
002.孙中山向清吏下跪求饶.txt	59	杨儒得冯咏蘅报告后，就电报北京总署。总署回电说：“孙文将往欧洲何国？偕行洋人系何国人？附搭某船？希确查密电龚使（清廷驻英公使龚照瑗）酌办。英能援香港、缅甸交犯约代拿固妙；否则该匪若由新加坡潜结党恶内渡，应先电粤督预防，新加坡领事亦应饬其认真查访。”7月18日，清廷驻美公使致函驻英公使，说：“因中美交犯（引渡）另约，迄无成绪，此间无从措手，总署深知，故有转电尊处，援约代拿。”“援约”就是援咸丰八年（1858）《中英条约》第二十一款⑧和光绪二十年（1894）《滇缅条约》第十五款⑨，当时清廷盼能援这两个引渡条约由英国官方“代拿”孙中山，可是，英国政府采罪刑法定主义，引渡条约中既然只限于“香港”和“缅甸”，英国本土就不能适用。8月8日，清廷驻英公使复驻美公使信，就提到：
002.孙中山向清吏下跪求饶.txt	67	这样过了八天，10月10日，他致电给驻美公使，也说：
002.孙中山向清吏下跪求饶.txt	141	既然是孙中山自己进入使馆的，孙中山为什么要在《伦敦被难记》里说与真相不符的话呢？这个答案，孙中山“四大寇”老友之一陈少白，在《兴中会革命史要》里道出了原委。陈少白说：
002.孙中山向清吏下跪求饶.txt	143	当时孙先生怎样会被公使馆拘留起来呢？照孙先生自己做的《伦敦蒙难记》所说：是道遇公使随员邓廷铿（号琴斋），自言是香山同乡，他乡遇故，就拉到邓家内谈天。原来他的家，就是中国公使馆。以后先生又遇到好几次，末了一回，就被挟持登楼，禁诸室中。但是实际，并不是这样一回事。当时孙先生对我说，他早已知道公使馆，他故意改换姓名，天天跑到公使馆去宣传革命，后来公使馆的人疑惑起来，因为当时广州起义之事，传闻还盛，以为这人或者就是孙逸仙，公使随员邓廷铿因为是同乡，就试出他的确是孙逸仙，于是孙先生就被他们拘禁起来了。
002.孙中山向清吏下跪求饶.txt	145	孙中山另一位老同志邓慕韩在《孙中山先生传记》里也说：
002.孙中山向清吏下跪求饶.txt	147	按先生伦敦使馆被难有二说：一为使馆计诱，即先生自著《伦敦被难记》所述；一为先生自进，即先生事后对人所言。……以情理论，应取自进说，缘诱先生为邓廷铿，时不过为一使馆微员，途遇一乡人，安知即为先生？即知之，于仓卒间安敢行此非常手段。必须奉准公使，详商办法，然后进行。须历若干时间，方能办到，断无即遇即禁如此之速。《伦敦被难记》所云计诱者，盖著是书时，欲得外人同情，增加满清罪戾，不得不如此立论耳。夫明知使馆尚敢进去，益见先生革命之勇敢精神。特将采录理由，附识于此，以释群疑。
002.孙中山向清吏下跪求饶.txt	149	孙中山另一位老同志冯自由在《革命逸史》第一集中也说：
002.孙中山向清吏下跪求饶.txt	153	可见孙中山早就知道他自动去的地方是哪里，他写《伦敦被难记》故意说不知是使馆，并说自己在入门前被挟持，目的是“欲得外人同情，增加满清罪戾，不得不如此立论耳”！
002.孙中山向清吏下跪求饶.txt	155	由此可见，《伦敦被难记》的写作，是当时政治宣传品，政治宣传品的目的是政治宣传，不能算是信史，用信史眼光去看，就未免太不了解政治人物了、就未免太天真了（梁启超在《中国历史研究法》里自承：“吾二十年前所著《戊戌政变记》，后之作清史者记戊戌事，谁不认为可贵之史料？然谓所记悉为信史，吾已不敢自承。何则？感情作用所支配，不免将真迹放大也！治史者明乎此义，处处打几分折头，庶无大过矣！”《戊戌政变记》在当时也是政治宣传品，不能算是信史）(14)。
002.孙中山向清吏下跪求饶.txt	159	孙中山在使馆被禁后次年，他在《伦敦被难记》中回忆：
002.孙中山向清吏下跪求饶.txt	161	马凯尼君临去时，即阖予室之门，并下键焉；自是予遂幽禁矣。未几，闻门外有匠人施斧凿之声，则于原键外更增一键也。且特遣中西人各一监守门外，有时或于二监者之外更添一人。当最初之二十四小时内，其中国监守二人，时或入室与予相语。其于被禁之原因，虽无一语宣泄，予亦不之问。然曾告予以顷者相见之老人即马大爷，予审为马凯尼也。大爷者官场通俗之尊称，犹当时驻英公使龚某之称龚大人也。使臣与外人酬酢不用真名，遂使外国人称之曰大人。时不知英政府公牍上之往还，亦称龚大人否耳。中国官场及外交礼节，往往有以一字之微，而易尊重为侮慢者。西人之于中国文学风俗未经殚心研究者，实难明了。故彼外交官辄喜于晋接之间，以言语文字愚弄外国人，偶或占胜，即洋洋然自得曰：“洋鬼子被屈于我矣。”其可笑一至于此。
002.孙中山向清吏下跪求饶.txt	165	他又说：
002.孙中山向清吏下跪求饶.txt	167	被禁之第四日晨，有一自称唐先生者来视予，彼盖诱予入使馆之人也。唐先生就座，傲然曰：“前日之强君至此，乃公事公办，义不容辞，今日之来，则所以尽一己之私情。我意君不如直认为孙文，讳亦无益。（李敖按：前引《伦敦被难记》，孙中山已向“一须发俱白之老人”承认自己是孙文，“唐先生”又何能再出此言？）盖此间均已定夺一切，且君在中国卓有声望，皇上及总理衙门均稔知汝之为人，君姓名已震铄环球，即死亦可以无憾。总之，君在此间实生死所关，君知之乎？”
002.孙中山向清吏下跪求饶.txt	169	予曰：“不然，此间为英国辖境，非中国之属地，公等将何以处余？按诸国际交犯之例，公等必先将拘予之事闻于英政府，予意英政府必不能任公等随意处置也。”
002.孙中山向清吏下跪求饶.txt	171	唐答曰：“吾侪不愿更与英政府为正式之授受，今已事事停妥，轮舟亦已雇定，届时当钳君口，束君肢体，畀赴舟上，而置于严密之所。及轮抵香港，当有中国炮舰泊于港口之外，即以君移交彼舰，载往广州，听官吏鞫审，并明正典刑。”
002.孙中山向清吏下跪求饶.txt	173	予曰：“公等此举，未免草率过甚。盖予在舟中，或得乘机与在舟英人通消息也。”唐微笑曰：“否否，君虽万能，亦难出此。盖君登舟之后，即有人严密监视，与在此无异。苟有可与外人通消息之处，吾等必先事杜绝，绝不使君有丝毫间隙可乘也。”予又曰：“舟中员司未必与使馆沆瀣一气，其中安知无矜悯我而为我援应者？”
002.孙中山向清吏下跪求饶.txt	175	唐曰：“愚哉君也。是轮船公司乃马凯尼君所深识者，该公司人员自当遵马君之命而行，绝不为吾辈梗。”
002.孙中山向清吏下跪求饶.txt	177	唐又续曰：“是轮船者，属于格来公司（Glen），本星期内未必启程（按：唐某与予谈话之日为10月14日即星期三），盖公使为经济起见，不欲专雇是船，因令其先载货物，而行旅之费，则由使馆全认。迨次星期，装载货物既竟，君亦须附载以行矣。”
002.孙中山向清吏下跪求饶.txt	181	唐曰：“此着如不果行，则予侪亦不妨戮汝于此，借免周折。盖此间即中国，凡使馆中所为之事，绝非他人所能干涉者也。”
002.孙中山向清吏下跪求饶.txt	185	予问曰：“予殊不解公等何残忍若是。”
002.孙中山向清吏下跪求饶.txt	187	唐曰：“皇上有命，凡能生致汝或取汝死命者，皇上均当加以不次之赏。”
002.孙中山向清吏下跪求饶.txt	189	予又进逼曰：“君须知高丽志士之案，即中日开衅之一因。今公等致予于此，或招起极大之交涉，未可知也。将来英政府对于使馆中人，不免要求中国政府全数惩治。况君为粵人，吾党之在粵省者甚多，他日必出而为予复仇，岂第君之一身可虑，甚或累及君之家族，其时君将追悔莫及矣。”
002.孙中山向清吏下跪求饶.txt	191	唐某闻予言，不觉色变，顿易其豪悍之口吻曰：“凡我所为，皆公使之命，我此来不过为彼此私情计，俾君知前途之危险耳。”
002.孙中山向清吏下跪求饶.txt	195	予曰：“君如真为我友，则将何以援我？”
002.孙中山向清吏下跪求饶.txt	197	唐答曰：“此即我之所以来也，我当竭尽吾力，希望脱君于厄。吾今方令匠人密制二钥，一可启此室之门，一可启使馆之前门，我之所以如此者，因掌钥者系公使之亲随，绝不肯授我以钥也。”
002.孙中山向清吏下跪求饶.txt	199	余问以出险当在何时？唐答称：“必须俟诸次日即星期五（按：此时已在礼拜三夜12点钟以后，已为星期四，故所谓次日即星期五）。星期五清晨2点钟时，我或能乘隙而来，援君出此罗网，未可知也。”
002.孙中山向清吏下跪求饶.txt	201	当唐辞出时，又告我星期五清晨必来相援，汝可预备云云。然唐去后，予仍取片纸，书数语，俟星期四（即10月15日）上午授于英仆，乞其密交康德黎先生。及下午，唐又来云：“此纸已由英仆径呈使馆，马凯尼君见之，即向我大肆诟詈，谓不应以使馆密谋告汝。是在吾虽有援救之心，而汝此举实足破坏吾计划，未免自误。”
002.孙中山向清吏下跪求饶.txt	203	予乃问以尚有一线生机否？唐曰：“生机尚未尽绝，但君以后必须依我命而行，切勿再误。”
002.孙中山向清吏下跪求饶.txt	207	唐曰：“否。英文甚好，因此间大权均操于马凯尼之手，公使不过坐拥虚名而已。君之此书，宜畀马凯尼也。”
002.孙中山向清吏下跪求饶.txt	209	予问书中宜如何写法？唐曰：“君必须极力表白，谓身系良民，并非乱党，只以华官诬陷至被嫌疑，因亲到使馆，意在吁求昭雪云云。”
002.孙中山向清吏下跪求饶.txt	211	予即在唐某之前，照其授意书成一长函，折叠既毕，照例应于纸背标明受书人之姓名，唐乃为予读马凯尼姓名之拼法曰：“Sir Halliday Marcartney”。盖此时予但知其姓氏之音为马凯尼，而犹未知其拼法。既而吾授信于唐，唐怀之而去，此后遂不再见此人之面矣。
002.孙中山向清吏下跪求饶.txt	221	吴相湘《孙逸仙先生传》写这一悔过书的经过说：
002.孙中山向清吏下跪求饶.txt	225	邓所谓“依我命而行”，即劝孙“致书公使（龚照瑗），求其相宥”。孙先生自述：“吾从之。邓立命柯尔取纸笔墨水至。吾请换中国文具，因上书公使自应用汉文，未便做西字。邓曰：‘否。英文甚好。因此间大权均操于马格里之手，公使不过坐拥虚名而已。君之此书，宜畀马格里。’”
002.孙中山向清吏下跪求饶.txt	229	孙先生在康德黎等援救出险后，是年11月4日，对英国政府律师陈述：当时所以一切听邓摆布，实因确认这是唯一仅有的一条获得自由的万一可能的机会。满清使馆确实是在进行押解他回国“正法”——如果竟成为事实，对中国革命前途的影响实在非常恶劣。至于手写“亲至使馆吁求昭雪”是绝对不符事实，只是为求出险，听从邓廷铿授意书写而已。孙先生于《伦敦蒙难记》中指陈：
002.孙中山向清吏下跪求饶.txt	241	吴宗濂《随轺笔记》
002.孙中山向清吏下跪求饶.txt	243	虽然“伦敦蒙难”的内情已如上述，但是，另一面的“罗生门”故事，在我们历史家眼中，却也不能不注意。所谓另一面的“罗生门”故事，就是针对孙中山《伦敦被难记》的吴宗濂《随轺笔记》。这部书对洗刷老K的历史，显然有决定性的作用。
002.孙中山向清吏下跪求饶.txt	245	《随轺笔记》是清朝光绪二十七年（1901）的出版品，书前廖寿丰的序写于光绪二十四年（1898）、俞钟颖的序写于光绪二十五年（1899），内容所记，却是光绪十九年（1893）起龚照瑗出使英国的事。当时龚照瑗以候补三品京堂出使英、法、意、比四国，需要翻译人才，乃由安徽巡抚沈仲复推荐，由江苏嘉定的吴宗濂担任。吴宗濂字挹清，中华民国成立后，做过驻意大利公使、外交部特派吉林交涉员、1918年参议院议员，他是个通晓洋务的有心人。在他随龚照瑗出使的时候，虽然“派司译务”，但是也为老龚写《起居注》、起草文件等等，这部书的产生，就因此而起。《随轺笔记》共四卷，分类及标题如下：
002.孙中山向清吏下跪求饶.txt	255	在这书卷二记事中，收有两篇重要的文字，一篇是《龚星宪计擒孙文致总署总办公函》、一篇是《龚星宪计擒粤犯孙文复行释放缘由》，都是孙中山“伦敦蒙难”当时的记录和第二年（1899）的追记。这两篇文字因为是当时驻英使馆的内部文件和当事人文件，所以极富史料价值，并且帮助我们了解非一面之词的真相。因为这些文件太珍贵了、太罕见了，我把全文收在后面。
002.孙中山向清吏下跪求饶.txt	259	敬密启者：七月间接杨子通星使函称：“粤东要犯孙文，谋乱发觉，潜逃赴美。钧署电令确查该犯欲往何处，密电敝处，援香港缅甸交犯约代拿”等因，并附录节略前来。嗣于八月十九日接通使电称：“孙文于西9月23日由纽约搭轮船至英国梨花埔海口登岸”等语。当即婉询英外部，拟援香港及缅甸交犯约，请为代拿。据该部答称：“二约只能行于香港及缅甸，而不能施之他处。设竟代拿，必为刑司驳诘”云云。英既不能代拿，敝处遂雇包探前赴梨花埔，密尾行踪。该犯于八月二十四日登岸，即日乘火车至伦敦，剪发洋装，偕行有二西人与之稔熟，伦敦则有二西医，一名坎特立、一名门森，曾住香港，与该犯交最厚。前该犯由粤垣逃至香港，即潜匿坎特立之宅也。讵意该犯于九月初四日，改名陈载之，来至使署，询有无粤人；次日复自来使署，探问中国情形。按公法，使署即中国之地，彼既肆无忌惮，势不能不暂行扣留，电请钧署核示。迨奉复后，即赶紧购定轮船，拟设法潜送到船，径解粵省。乃该匪党以其久不归寓，疑其必在使署，日夜在外伺察，意图截劫，势难送出。旋据外部私向参赞马格里云：“中英交犯约经曾前大臣议而未成，刻下既无约可援，如解犯潜过友邦之地，殊与公例未符。”盖业经孙党贿通日报并报知外部也。当与商允，如该犯回香港，必饬港督严察以戢乱谋，并请弟具文，以凭转饬照办。爰于十七日，将该犯释放，仍派包探密跟，计扣留在署十有三日。二十日复奉钧署巧电，内开香港交犯约指为谋反，辄不肯交，具文外部，宜商律师，具见堂宪审虑周详之意，当商据律师哈华托云：“如以匪人多借香港为谋乱之地，请外部饬香港地方官概加严察而不专指孙文，非特无碍香港交犯约，且可补该约未备之辞。”外部侍郎山德生亦言：“英不能准匪人借其属地谋乱友邦。”因即按哈律师言，于二十日照会外部堪纾盖系。又查该犯来英意在煽惑，英人固不为所动，即华人除使馆各员外，虽有在海口当水手者数十人，亦无被其诱惑之事，合并附陈。除一切情形节经电达，所有孙文与看管委员邓翻译廷铿问答节略另录呈览，统析代为回明堂宪为荷（英字第21号丙申九月二十九日）。
002.孙中山向清吏下跪求饶.txt	263	九月初四日，孙文来署，询：“有无广东同乡，特来拜见。”比时翻译邓廷铿出见，问其姓名，答以“姓陈，号载之”。问其到英何事？答：“前来游历，但已游数日，各处均得其大概，唯行宫不能任人游玩，阁下可设法令我一观其盛否？”邓云：“日后当可设法往游。”孙问：“英国有广东人否？”答：“有，均在海口。”孙问：“可带见否？”答以“可”。
002.孙中山向清吏下跪求饶.txt	265	遂订翌日同赴海口。此约其次日来署情形也。初五日，孙于早晨11点钟到使署，并在署早饭，拟赴海口。邓云：“2点钟方可以去。”即带见马参赞，〔马参赞〕告以曾在曾文正公幕府。孙云：“前洪秀全得地之后，何以不能自守？”马答曰：“凡反叛得地，不善布置政体，即不能守。”孙云：“中日之役，华兵溃败如此，实为可惨，殆因不重洋务之故。现今中国重洋务者，唯李中堂一人而已。如中堂能以西法变华，谅可不致如此。”邓云：“尔曾晋谒中堂否？”孙曰：“去过一次，与罗稷臣相见。据云中堂不愿见我，盖因改装剪辫之故。此次中国之败，若在别国，必早变民主。”邓云：“天下事不必深谈，可到别处房间看看。”
002.孙中山向清吏下跪求饶.txt	267	即带其上第二层楼，顺路过随员李盛钟卧房，与李相见数语后，即问：“贵省改行西法，可易办否？火车铁路可易通行否？”李答甚难，有山石之阻。孙云：“我在美国看见山可穿洞而行。”答：“如果定要开设，不过工本较大耳。”孙转向邓曰：“我俟游遍各国，意欲往中国各口岸，溯扬子江而上，看中国各地如何局面。但我现改西装，未晓内地行走有无关碍，请明指教。”邓答：“此事我无把握。”适参赞马来问邓译件，邓告以在三层楼上，随带孙同往楼上。此时楼上房子已备齐全，引孙入房，马邓二员一立在门内，一立在门外，比孙入房，即将房门闭上，外面加锁。马参赞开口云：“尔非姓陈，尔之金表内刊孙文二字，尔定是孙文，现奉钦差之谕，将你扣留，问你在广东所做何事。现正电告总署，必俟总署回电，方能放出你。但安住在此房，不做犯人看待，只不许出门，如要看书，均可取来。”此将孙文引上楼房扣留之详细情形也。斯时马出来邓进去，问：“你是孙文，号逸仙，再号帝像，字载之否？”孙低头不答，唯云：“可准我回客栈，然后再来，或与人同去否？”邓答：“皆不能准。”初六日早饭，翻译邓与之同食，以探其滋事情形。邓云：“昨日将你扣留，此系公事公办，你以为何如？”孙答：“你系奉公而行，我不怪你。但钦差留我，有何主意？我昨夜三思，此地乃系英国，钦差在此，断难致我之罪，否则我亦不自来署。”邓云：“钦差并不定你罪，窃恐你来署，将署中公事在外误传，故扣留也。”孙云：“虽可扣留，实不济事。钦差在英无办犯之权，中国与英国又无交犯之约，我早查明，然后敢来。昨夜细想，钦差唯有密租船只，将我困在囚笼，私解回粤而已，其余则无别法。”邓云：“绝无此事，且你亦通英语，即困笼中，亦可求救。”孙云：“倘或将我之口闭塞，无从求救。不过我已入美籍，美国得知，亦是不了。”邓云：“你在美国生长耶？且华人不能入籍。我曾在金山多年，亦稍知美例。”孙不答，以病告求医，邓答：“代回钦差即问你在广东谋反，因事不密，被人先觉，以致不成，是否属实？”孙答：“我虽有大志，而时尚未至，唯广东有一富人，欲谋是事，被我阻之。”邓云：“何不同谋，反阻何故？”孙云：“他是为己，我是为民。”邓云：“请将为己为民四字明白告我。”孙云：“他之为己，欲得天下自专其利；我之为民，不过设议院变政治。但中国百姓不灵，时尚未至。故现在未便即行。盖该富人不知审时，我所以阻之也。我素重西学，深洋习，欲将中国格外振兴，喜在广报上发议论，此我谋反之是非所由起也。”
002.孙中山向清吏下跪求饶.txt	269	初八日，邓又与孙谈，并以话引话，冀得实据，邓云：“我以公事扣你，若论私情，你我同乡，如有黑白不分，被人欺你之处，何妨将此事细微曲折，一一告我。倘有一线可原之路，我亦可念同乡之谊，代求钦差，为你申雪。你亦可回籍，再谋生业。况广东近事，我亦略知，且听你说看，与人言合否？”孙云：“事可明言，但不知钦差愿意排解否？”邓云：“钦差最喜替人申冤，只要将实情说出，我必竭力代求。”孙即跪下，叩头流泪云：“如事能直，恩同再造，感德不忘。”邓云：“请说，不可乱言。”孙云：“我是孙文，非陈姓也。号逸仙，再号帝像，此号是母所名，因我母向日奉关帝像，生平信佛，取号帝像者，望我将来像关帝耳。载之二字系由成语文以载道而来，并无别情。向在广东洗基设西医局，因治病有效，常与绅士来往，其时北京开强学会，我在省设农学会，总会在厢门底，分会在咸虾栏，凡入会者，将姓名籍贯登薄，当发凭票一纸，交其人收执，曾托尚书罗椒生之侄罗古香向前抚台马说情，请其批准开办，因抚台病后，迁延未批，而农学会早先开办不过教民种植，意欲开垦清远县之荒田，此田系会中所置，以为如有成效，即可将广东官地一并开垦。入会者有绅士、船主、同文馆学生等人。不料前年九月初八九左右，李家焯忽然带勇前来，将总会分会一概查封，在总会查出名册一本，分会查出铁锅两个、大斧多张，并拿去会友数名。其中有一姓陆者，本系蚕师，过堂苦打，强逼成招，已被正法，其余尚在狱中。所可恨者，绅士如罗古香等，则不敢拿，镇涛、广丙两船主托人取保出去；而事亦了。同文馆学生因是旗籍，亦置不问。独以我为首，专意拿我。且三天之后，又闻有西门丁泥六桶，内系洋枪，由香港付至农学会，亦被李家焯拿住，以为我谋反之据。又在火船拿获散勇五十余名，作为我之党羽。后讯知是台湾散勇，因有两人因别案与陆姓同罪，其余均由总督给资回籍，此非谋反之党羽，可立明也。查香港买洋枪，非由的保不卖，若往香港，一查便知虚实。此系李家焯私买废枪以坐我罪也。且我暂避藩署，一经事发，方将托人与陆设法，不料他一见刑具，即妄招认，无可挽回。倘有军火，何难电阻，三天后寄来，又谁收谁用耶？”邓云：“李家焯何故与你为仇？”孙云：“他之仇我因机房之事也。缘他部下勇丁直入机房抢丝，被人捉住，李家焯得知，派勇夺回，随往抚辕控告以不服稽查、挟制官长为辞。有人求我替机房定计，与李互讼，李知事败，以故仇我，即借农学会以控我，指为暗藏三合会，有谋反之举。我之误处误在专讲西学，即以西国之规，行于中国。所有中国忌禁，概不得知。故有今日之祸。”邓云：“前日所说富人，何妨明说？”孙云：“谋反之事，我实无之，前日说有人商之于我，意图谋反，此人系广东大绅曾中进士并且大富姓某名某是也（按：此人近颇为当道倚重，或系孙之妄扳，故删其姓名）。我行医时，素与绅士往来，唯他尤为亲密，平时互发议论，以为即是国计民生之道，只知洋务亟宜讲求，所说之话，他甚为然。以我之才干，可当重任。故于中日相接莫解之时，专函请我回广东相商要事。我在香港得信即回，见他，他曰：‘我有密事告你，万勿宣扬。’乃述其梦云：‘我身穿龙袍，位登九五，我弟叩头贺喜，故请你商量，何以助我？’我即问曰：‘你有钱多少？’他答曰：‘我本人有数百万两，且我承充闱姓，揭晓后始派彩红，现存我手将近千万，如立行谋事，此款可以动用，迟则失此机会。’我又问：‘有人马多少？’他云：‘我有法可招四万之众。’我答云：‘凡谋事者，必要先通在上位之人，方得有济。尔于政府，能通声气否？’他不能应。况他之品行最低，无事不作，声名狼藉，我早尽知，他之所谋，只知自利，并无为民之意，我故却之，决其不能成事也。他寄我之函，的系亲笔，虽未将谋反之言说出，其暗指此事，可以意会之词，亦可为证。是欲谋反者是他，而非我也。乃李家焯故意张大其词，以重我罪，藩署官场中人及绅士等，均有意替我申雪，因事关重大，不敢干预，即递公呈代办亦恐无济。其时制台派兵搜查，我由藩署坐轿而出，直至火船，径赴香港，幸无人知此，我真有莫白之冤也！李家焯此次害我，不独家散人亡，我所有田地均已被封，不知尚能复见天日，得雪此恨否？况我曾上禀请设内河轮船公司，已蒙张香帅批准，不遇此事，我早往上海开办矣。李家焯之害我，其毒无穷，自我避往香港之后，去年又造谣言说我私买军火，在外国招募洋匠五千，进攻粵省。我不得已，潜往各国游历，及抵英国，我所往各处均系游玩之所，凡制造军火各厂，我概未去，此亦可见我非有谋反之事也。万望钦差代为申雪，俾得回国，另谋事业，断不敢再行为乱。况中国近来颇讲洋务，我意中主意甚多，不难致富，又何必行险耶？你果念同乡之谊，还当代我力求钦差。”
002.孙中山向清吏下跪求饶.txt	271	上口供系以话引话而得，看其情形，实在善为粉饰一面之词，无人作证，据情照录，虚实难分。但观其放出之后，绝无求白之意，可见绝非安分者流。翻译邓廷铿谨呈。又参赞马格里探据久住香港之西人云：“孙文于光绪二十年秋冬间，在香港雇人五百名，到广东拟先计困广东总督于机器局，然后滋事。孰意事机漏泄，败于垂成。广督闭城搜拿，孙则匿在藩署。嗣由其党用箩筐将伊由城墙坠下，逃往香港”等语，合并附陈。
002.孙中山向清吏下跪求饶.txt	275	光绪二十二年七月，准出使美日秘大臣杨子通星使函称：“粵东要犯孙文，谋乱发觉，潜逃赴美，奉总督电令确查该犯行踪，并饬电知龚星使援香港缅甸交犯约转恳英国代拿”等因，并附节略，叙其面貌年岁籍贯。八月十九日，复准通使电称：“孙文于西9月23日即华八月十七日，由纽约搭船至英国梨花埔海口登岸”等语，时星使卧病已久，神志甚清，当遣参赞马格里婉询英外部，拟援香港及缅甸交犯约，请拿该犯。外部答以二约只能行于香港缅甸，不能施之他处，设竟代拿，必为刑司驳阻。星使之犹子仙舟司马（心湛）乃雇包探赴梨花埔守候。旋据该探密报：孙文剪发作洋装，于八月二十四日登岸，即日乘火车至伦敦，下榻客店，有二西人随行。九月初四日，孙文行经使署之门，遇学生宋芝田，询其有无粤人在署，宋曰：“有之。”孙即请见，乃进署门入。厅事英文四等翻译官邓琴斋刺史（廷铿），粤产也，遂与接谈，该犯以异地遇同乡，分外惬意。自言姓陈号载之，继出金表，以觇时刻，刺史索观，则镌有英文拼切之孙字，刺史恍然，然不动声色。
002.孙中山向清吏下跪求饶.txt	277	孙约翌日再来，同赴海口探望粤商，刺史欣诺。孙既去，急密告仙舟，转禀星使。星使与马格里、王鹏九两参赞密商办法，皆曰：“可拿。”初五日午前，孙果贸贸然来，饭后，邓刺史请孙登楼，先至首层，观星宪之会客厅、签押房；继至二层，入李琴伯明府（盛钟）卧房，坐谈良久。适马参赞到，刺史遂告孙曰：“君能更上一层楼，往顾弟房乎？”孙曰：“甚好。”遂随刺史拾级而升，马参赞在前引导，先入预备之空房内，做开门待客状，邓指曰：“此即弟房，请君先进。”孙刚涉足，错愕间，马参赞即将房门关闭。告曰：“奉有总署及驻美杨子通星使密电，捉拿要犯孙文，尔即是也，既经到此，请暂留一日一夜，静候总署回电。”
002.孙中山向清吏下跪求饶.txt	279	孙见已识破，无可如何，唯唯应命。星使遂饬邓刺史，武弁车焕章、谢邦清，造炮学生宋芝田及洋仆二名，日夜轮守。初七日，接总署回电，力嘱慎密办理，不可为英所知，致被反噬，应如何措手，悉听主裁。初八日，星使嘱宗濂代拟电稿，言唯有专雇一船，径解粤省，否则只可释放，派探密跟，穷其所往，请示只遵。此电去后，总署无复。十三日，星使又发电云：“释放宜早，免有痕迹。”仍无复电。时署外已有人日夜守伺。十六日，英国格罗孛夜报忽刊其事，不直使署所为，他报访事人接踵来访，邓刺史力辩其无，马参赞直认不讳。翌晨各报刊布，指为使署拐骗监禁，哗然而起，甚有以使署房屋绘为图画者，亦有以此事标题特印大字告白兜销报章者，使署门口，自朝至于日中昃，聚众至百数。英外部沙侯闻此消息，即柬请马参赞去，婉告曰：“中英交犯约，经曾前大臣议而未成，刻既无约可援，如解犯潜过英地，殊与公例不符，宜将孙文即日开释。”马参赞诺诺连声而退，急即回禀星使，不移时而外部总办及巡捕头果皆戾止，索领孙文。马参赞遂将孙文放出，交该总办及巡捕头由后门坐车而去，盖避前门聚观之众也。是夜各报刻有孙文对答之辞，殊形荒谬，据谓邓刺史告以拟将其装入箱中运至船上，或先行毒死解华戮尸，此盖该犯臆造，借以骇人听闻也。西国久无此等刑法，见此数语，益笑中国之教化毫无。
002.孙中山向清吏下跪求饶.txt	293	四、早餐吃过后，孙中山与“马参赞”聊天，谈到他去见李鸿章，但“与罗稷臣相见，据云中堂不愿见我，盖因改装剪辫之故”。可证国民党宣传孙中山见了李鸿章，是乱盖的。胡去非在《孙中山先生传》中说孙中山“至北京时，冒险谒李鸿章，密陈北京政府之横暴腐败，革命之不可缓，议论雄快。李谢之曰：‘今日之革命，余亦知其不可已；然余年七十有九，精力既衰，断不能大有为，幸君努力为之，中国前途，唯君等是赖，余必为君后援’云云（见时事新报馆编《中国革命记革命党小传》”。吴稚晖编年系《别传》云，“中日交战前，先生由湖南出扬子江口，由海路入北京，深夜冒险晤李鸿章于私邸，陈说大计，劝李革命。李以年耄辞”等等，都是鬼话。
002.孙中山向清吏下跪求饶.txt	299	七、第二天清早，邓廷铿陪孙中山早餐，孙中山说：“此地乃系英国，钦差在此，断难致我之罪。”正因为他相信奈何不了他，所以他才敢来使馆，“否则我亦不自来署。”
002.孙中山向清吏下跪求饶.txt	301	八、孙中山提到他“已入美籍”，是美国人，“美国得知”会提出干涉。邓廷铿却说“华人不能入籍”，说我：“曾在〔旧〕金山多年，亦稍知美例。”因而不予相信。
002.孙中山向清吏下跪求饶.txt	305	十、孙中山被关后的第四天（10月14、旧历九月初八）的谈话，最重要。当邓廷铿表示如有委曲，何妨一说，“倘有一线可原〔谅〕之路，我亦可念同乡之谊，代求钦差，为你申雪。”你也可回到家乡，“再谋生业”。并告诉他我邓某人也有情报，并非全不知情，你且说说看，看看与情报合不合，以证明是否“输诚”。孙中山遂说：“事可明言，但不知钦差愿意排解否？”邓廷铿说：“钦差最喜替人申冤，只要将实情说出，我必竭力代求。”于是孙中山“即跪下，叩头流泪云：‘如事能直，恩同再造，感德不忘’”。
002.孙中山向清吏下跪求饶.txt	307	十一、《国父年谱》中说孙中山“幼名帝像”，他对邓廷铿道出这一命名原委是：“再号帝像，此号是母所名，因我母向日奉关帝像，生平信佛，取号帝像者，望我将来像关帝耳。”此一声明，显然表示并无在人间称帝为王之意。
002.孙中山向清吏下跪求饶.txt	311	十三、孙中山对邓廷铿说：“万望钦差，代为申雪，俾得回国，另谋事业，断不敢再行为乱(15)。”
002.孙中山向清吏下跪求饶.txt	313	十四、孙中山对外国报纸说使馆中人说要把他“先行毒死，解华戮尸”的事，《随轺笔记》透露“此盖该犯臆造，借以骇人听闻也”。
002.孙中山向清吏下跪求饶.txt	315	十五、孙中山《伦敦被难记》中说他对使馆中英国仆人柯尔（George Cole）晓以大义，请他带信，只是“酬以二十镑”(16)据陈少白《兴中会革命史要》中说：“再当时柯尔答应救孙中山先生的时候，孙先生除了把身上所有的钱给他，还允许他将来出去之后，再要酬报他，所以后来康德黎博士介绍孙先生到处演说请大家帮助，所捐到的几百英镑，也统统送给柯尔。柯尔为了这事，早已被使馆辞退了。”可见在“二十镑”外，别有承诺。据吴相湘《海外新见中国现代史史料》（《中国现代史丛刊》第一册），在英国政府档案中，得知柯尔“承认孙允许给予一千镑之酬劳金并且立即付给二十镑”。足证《随轺笔记》所述，并非空穴来风。《随轺笔记》中说：“19日，仙舟接短工洋仆查耳时来信，内言孙文起初几次着伊送信，优给金钱，伊皆一律缴呈马格里爵参赞，未得分毫奖赏。嗣孙复许酬英金五百镑送一密信，并嘱其事后离开使署，随孙度日，故伊甘冒不法，以洋信密报孙友坎特立及门森两英医。两英医因即在外设法派人伺守，并报外部及巡捕房，各报闻之，遂亦附和做不平鸣，致贵署不能不将孙文释放，曷胜怅怅。马爵参赞当时曾经恫吓，谓如有走漏风声者，当送官严办，余是以照实供明，听候惩治云云。仙舟司马以此信示马参赞，马参赞无计可施，徒形愤愤。……然传递密信之奸仆，以孙文所酬只有英金二十五镑，控诸刑司，又不得直，至今迄不甘服。”这一内幕，也极为有趣。
002.孙中山向清吏下跪求饶.txt	317	以上所写伦敦蒙难的一些“罗生门”(17)，足见我们多年来，在国民党一面之词的宣传下所得的印象，实不足凭。现在史料的陆续出现，证明孙中山《伦敦被难记》所说，也不无错误(18)。我们在研究这一问题的时候，实在该注意别上国民党的大当才好(19)。
002.孙中山向清吏下跪求饶.txt	325	③《国父年谱》：“康氏夫妇招待甚殷，并为觅居附近之葛兰法学协会场（Gray's Inn place）8号宝勒特小姐（Miss Pollard）开设之私人公寓（Boarding Home）。翌日，携先生迁往。”
002.孙中山向清吏下跪求饶.txt	339	⑩“窦使”是英国驻华公使窦纳乐（Sir Claude MacDonald），恐怕他得知后打电报，英国政府会干涉也。《随轺笔记》卷二有《龚星宪论英国驻华新使致总署总办公函》，说：“该使姓窦乃乐，名克罗特，系苏格兰之世族。其父曾任陆军提督，而渠亦行伍出身，年约四十余岁，初次膺使臣之职，沙外部立意欲将驻华公使一缺，以素未奉使之人补授，似别有深意焉。渠在英国陆军中职如中国之都司，光绪三年，曾赴香港，随营小驻，继而英平埃及叛党之乱，与敌战于石勒甘蒲，功绩卓著。自光绪八年以后，历办阿非利加事务，因转用文职，人甚精明，颇愿学习中国语言。”“沙外部”是指英国外相沙里斯伯侯爵（Lord Salisbury）。
002.孙中山向清吏下跪求饶.txt	341	(11)以上文件都根据王宠惠《总理伦敦蒙难史料》，1930年上海《建国月刊》第三卷第五期。王宠惠原记：“民国十八年10月，宠惠有事于国际法庭，道出英伦，于我国使馆中，得阅昔年馆中所存总理被难时文牒，亟录一份，携之回国，并摘其于党史有关，足为参考资料者，发表于建国月刊中，以供同志研览。”
002.孙中山向清吏下跪求饶.txt	343	(12)马格里系据史馆档中呈报的正式译名，《伦敦被难记》中做“马凯尼”，当“名从主人”改正。
002.孙中山向清吏下跪求饶.txt	345	(13)“司赖特侦探社”原文是Slateis Detective Agency。见罗家伦《中山先生伦敦蒙难史料考订》。
002.孙中山向清吏下跪求饶.txt	347	(14)吴相湘在《〈大革命家孙逸仙〉影印本前言》里说：
002.孙中山向清吏下跪求饶.txt	349	按罗家伦编撰《中山先生伦敦蒙难史料考订》，是罗君自诩史学成名之作。民国四十七年罗君主编《国父年谱初稿》中于伦敦蒙难仍多从《考订》之说。但以今看来：实在是一无可原谅的谬误。
002.孙中山向清吏下跪求饶.txt	351	原来自孙先生蒙难事件发生，英国外部之所以采取干涉态度，即在清使馆非法使用管辖权违反孙先生本人意旨而加以诱拐。清使馆所持以辩护的理由则谓：孙在被幽禁之先一日曾到过清使馆，即被禁当日亦彼个人自动前来。这一论调正式形之文字，首见于1896年10月24日清使馆参赞马格里致伦敦泰晤士报投函中；其后包齐《马格里传》（The Life of Sir Halliday Macartney by D. C. Boulger）采录此函。清使馆随员吴宗濂归国后梓行《随轺笔记》，着意描述被禁先一日孙先生与使馆学生宋芝田的谈话，用意正复相同：企图脱卸诱拐责任。
002.孙中山向清吏下跪求饶.txt	353	民国四十八年10月，笔者幸有机会游伦敦并获阅英国外交部档案：F. O. 1718《英国领土内之中国革命党》，副题即“Kidnapping of Sun Yat - sen by Chinese Legation”，其中1896年11月16日英外部印行之机密文件（据以编印之原始文件亦存同档），第一附件即讨论孙先生是否曾先一日至清使馆一问题：因为这是此一事件是非的主要关键，也是英国政府能否采取干涉态度的重要枢纽。英内务部司法人员因为马格里坚持孙先生曾先一日至清使馆的论调；孙先生则矢口否认，其他人证又均予支持；故再三详细调查审问有关人证，虽以未能至清使馆调查为憾（事实上曾与清使馆主谋之马格里谈话多次），但综合详勘反复推敲各种可能后的结论，认定孙先生的说法是真实的（Having found Sun truthful on Material Points）。就是说：孙先生在被诱禁前一日未曾到过清使馆，他完全是被诱拐入内的。英外部这一专档题名开宗明义着明“Kidnapping”，可说正名综实（评见正中书局印行《中国现代史丛刊》第一册拙撰《海外新见中国现代史史料》）。
002.孙中山向清吏下跪求饶.txt	355	但令人诧异的是：罗家伦编国父年谱（上册第67页）竟著明：孙先生“先一日并曾行经清使馆，遇学生宋芝田……询以馆中有无粵人？欲向其宣传革命大义，宋答有。先生遂入晤邓廷铿……相约次日再来……是日（10月11日）上午，先生果至……”。这是很明白地指出：孙先生曾两次进入清使馆，并且都是根据自己的意愿！而不是“被诱拐”！这不仅与上述英国档案纪录完全不符（上文曾指明：英政府于此曾特别注意审慎，有事实根据判定为“诱拐”后才采取干涉行动），也与孙先生早经发表的《伦敦被难记》背道而驰——然而罗家伦编《国父年谱》注脚竟指明是根据孙先生《伦敦被难记》及罗著《中山先生伦敦蒙难史料考订》所引清使馆密档。就是说国父年谱这一段记载是揉合孙先生和清吏两方完全对立的说词而成的。
002.孙中山向清吏下跪求饶.txt	357	任何一具备史学训练粗浅知识的人都知道：处理两种对立立场的说词，应尽可能寻找旁证来判断是非；万不得已，无第三方面资料可据则唯有存疑：绝对不能揉合两方对立见解而成“中庸之道”。尤其是这一事例，英政府既采取干涉态度，清吏之诡辩不足采信，已昭然若揭；这一段记载，遵依《伦敦被难记》说词，更为义不容辞之责任。然而其所主编之《国父年谱》中竟出现揉合两说的怪特现象，而又自作聪明擅加“盖欲向其宣传革命大义”一语以为揉合的媒介。但这一语句不仅不见于孙先生之《伦敦被难记》（吴宗濂《随轺笔记》有孙与宋芝田对话，但《国父年谱》注脚未著录，故今不采），并且与《伦敦被难记》原文精神完全背道而驰，更出乎一般情理之外。这一“揉合”真是匪夷所思。中国现代史——中华民国史的研究成绩迄不显著，这些自诩“成名之作”具有“劣币驱逐良币”的作用，实在是主要原因，怎能不令人感慨系之！
002.孙中山向清吏下跪求饶.txt	359	国民党御用文人罗刚写《罗编国父年谱纠谬》根据吴相湘说，又杠上开花曰：“本条记事，在纲文虽书被‘诱禁’，但在目文中则言国父系自投罗网。如云：‘先生遂入晤邓廷铿，自言为陈载之，晤谈甚惬，相约次日再来。……是日上午，先生果至，……迨既入门，被引至一室。’此与国父伦敦被难记所述被‘诱禁’，完全不同，亦为对国父自述之翻案。”罗刚又说：“何况国父之为人，正如吴敬恒所言品格自然伟大”其一生言行，暾若天日，为天下所共晓，……〔国父年谱〕使全党所共仰之总理，全国所共仰之国父，蒙受‘诳言’之嫌。”其实吴相湘、罗刚的论证都不能成立。最大的错误在他们把孙中山主动入使馆和入使馆后被扣留弄成一件事。使馆扣留孙中山固系滥用外交特权，是违法的，但孙中山在扣留以前的行为，却不能记在驻英公使他们账上。马格里在10月24日致函泰晤士报，说：“孙逸仙之至使馆，系出己意，且为使馆中人所不料。其初之来在星期六（10月10日），二次之来在星期日（10月11日）。治国际法学者对于孙逸仙被清使馆拘留一节，无论做何评论抱何见解，然必先知本来并无诱骗。即其来使馆时，亦并未尝施以强力或欺诈，此为本案之事实，而亦至可凭信者也。”这些话是可信的。孙中山的到使馆，的确“为使馆中人所不料”，但一旦他进了使馆，“使馆中人”自然就要“计擒”他了。“诱拐”也、“Kidnapping”也，均从此处方行开始、自此方行非法，以前并无不法也。吴相湘是博学多闻的史学家，他当然知道陈少白《兴中会革命史要》、邓慕韩《孙中山先生传记》、冯自由《革命逸史》中的话，他知道却把账算在罗家伦头上而加以挞伐，就真令我们不解了！
002.孙中山向清吏下跪求饶.txt	361	(15)“断不敢再行为乱”自是表示悔意。孙中山后有致香港道济会堂区凤墀书，说：“初六、七日内，无人知觉，弟身在牢中，自分必死，无再生之望，穷则呼天，痛痒则呼父母，人之情也。弟此时唯有痛心忏悔，恳切祈祷而已。一连六七日，日夜不绝祈祷，愈祈愈切。至第七日，心中忽然安慰，全无忧色，不期然而然，自云此祈祷有应，蒙神施恩矣。”信中说“痛心忏悔”，想是自悔干上此行耳丨
002.孙中山向清吏下跪求饶.txt	363	(16)《伦敦被难记》：“及星期五（10月16日）上午，予祈祷既毕，起立后，觉心神一舒，一若所祷者已上达天听，因决计再尽人力，俟英仆柯尔来，又向之哀求脱险。于向柯尔曰：‘君能为我尽力乎？’柯尔反诘我曰：‘君为如何人也？’吾曰：‘吾为中国之国事犯而出亡于海外者。’柯尔于国事犯之名称，若未能领会。予乃问其尝闻阿美尼亚人之历史否？柯尔点头。予遂迎机利导，告以中国皇帝之欲杀我，犹土耳其苏丹之欲杀阿美尼亚人，土耳其苏丹之所疾视者，乃阿美尼亚之基督徒，故欲聚而杀之。中国皇帝之所疾视者，为中国之基督徒，故欲捕而杀之。吾即中国基督徒之一，且曾尽力以谋政治之改革者。凡英国人民咸表同情于阿美尼亚人，故吾之生平及目前状况，苟为英国人所知，则其表同情于我，可不言而可决也。柯尔云：‘不识英政府亦肯援否？’予曰：‘英政府之乐于相助，无待赘言。不然中国使馆只须明告英政府请其捕我，而交与中国可也。又何必幽禁于斯，且恐外人闻之，加以扃鐍耶？’吾更进迫之曰：‘吾之生命，实悬君手。君若能以此事闻于外，则吾命获全。否则予唯有束手受缚，任其杀戮耳。君试思救人于死与致人于死，其善恶之相去几何？又试思吾人尽职于上帝为重乎？抑尽职于雇主为重乎？更试思保全正直无私之英政府为重乎？抑袒助腐败之中国政府为重乎？请三思之！并望于下次相见时，以君之决心示我！’翌晨，柯尔取煤来，投煤炉后，复以手微指煤篓。予见其所指者为一纸，不觉中心跳荡不已，盖吾之生死，全赖此片纸所书也。及柯尔既出，急取而读之，其词曰：‘吾当为君递书于君友，唯君书时切勿据案而坐，因监守者伺察极严，得于钥中窥见君之所为，幸君伏于卧榻书之为要。’予于是卧伏榻上，取出名片一纸，面壁疾书，致康德黎君。晌午，柯尔复来，取是书去，予酬以二十镑，自此而予囊罄矣。既而柯尔又持煤篓至，以目示意，予待其去后，急搜煤篓，得一纸，读之，大喜过望。其词曰：‘勉之！毋自馁！吾政府正为君尽力，不日即可见释。’因此予知祈祷之诚，果能上达于天，而上帝固默加呵护也。计自被逮后，衣未尝解带夜未尝安睡，至此始得酣眠，及旦而醒。”
002.孙中山向清吏下跪求饶.txt	365	(17)当然还有别的“罗生门”，不过太荒谬了。吴相湘《孙逸仙先生传》有注如下：“又叶夏声述：国父民初革命纪略书内三处述及一中国仆役‘燕人赵昇夫妇数数窥之门隙。国父适拟遗书英友康德黎，投置牖外，赵昇慨然拾而代致之，遂终获救而得释’（第10页）。又记孙先生云：‘翌日晨起，余以身畔之笔，正就致余英友康德黎一纸，乘仆从在门外洒扫之际，启窗投之玻璃屋顶之上。少时似有拾者，无何，有男子口操北方语者，隔门与余语……先生之函，小的愿为致之贵友。’‘馆仆赵姓，夫妇同佣，唯当时切嘱勿泄，以全首领。故民国前十年间，无以为报。民国成立，则赵佣亦失所踪矣，此余所常引为遗憾者也。’（第182-183页）又云：‘幸馆中北方侍役赵某夫妇，颇具同情。（孙）总理乃为书致英友，而自铁窗中投诸玻璃顶篷上，赵某洒扫得之，为赉函致英友，始震动舆论，而卒出于险。’（第187页）比照柯尔陈述有中国仆人Chow拾得孙书字条事。Chow与赵音相近。可能即指赵。但字条立即被柯尔抢去送呈马格里，并无转送康德黎之事。孙先生幽禁室内，自不明其后真相。且赵隔门相语，也少可能性，因除中英仆人两人监守外，中国武弁随时巡视，赵如敢如此作为，早被解回国处刑矣。叶夏声记录孙先生所言与《伦敦蒙难记》完全不符，殆事后得之传闻，不是当时真相，今录之以供异闻耳。”
002.孙中山向清吏下跪求饶.txt	367	(18)如孙中山说“柯尔之妻尤为尽力”，不知此乃霍维太太（Mrs. Howe），非“柯尔之妻”也。据吴相湘《海外新见中国现代史史料》：“孙蒙难后之能获释，消息外泄于康德黎是一重要关键。据上述档卷中是年10月22日（孙尚未获释）康德黎在高等法庭（High Court of Justice）证词：10月15日，康遇孙所居留之葛兰旅店之波奈尔女士（Miss Pollard）言：孙自11日来，四日未回旅店不知去向，即已关切之至；至17日夜，康家信箱内忽有一未签名信言其中国友人被禁清使馆，康乃报警。这一寄发未签名信予康氏者为何人？不仅为一有兴趣问题，并且是重要关键所在。孙中山自撰《伦敦蒙难记》谓为使馆英仆柯尔之妻，今党史会刊行之国父年谱（上册第73-74页）考订说不是柯尔之妻，乃女管家霍太太，但究竟是何处的女管家‘尚待考’。现就上述专档确知这一女管家即伦敦清使馆的管家妇霍维太太（Mrs. Howe）。并且据档卷中柯尔证辞：孙被禁后，马格里即嘱其小心看管，如孙托其传递任何消息，应即报告，每次必予奖金一镑。柯尔均遵行，故孙两次托致信康，柯尔均呈马而获奖金，嗣经孙苦求，10月17日，柯尔偶与女管家霍维太太言及，霍维太太极力鼓励其传信，柯尔之意乃决。翌日遂将孙之名片递送康家。但当晚康家却发现有一未签名之信函报告此事。柯尔证辞说：他不能确知更不能确言此信是否即霍维太太所寄发。这是柯尔宣誓不能做伪证的负责话，但以今论霍太太寄发的可能很大，因为当时他只和她谈及此。并且不论如何，柯尔之心意由遵守马格里之吩咐转变至不听吩咐而为孙传递消息，霍维太太的影响力最大，这是柯尔证辞承认的。”再据《国父年谱》（增订本）：“唯关于作书与递书之女子，据罗家伦最近在英文《康德黎爵士传》中所发现（此书为康氏之子Neil Cantlie与George Seaver合著，原名“Sir James Cantlie”1939年伦敦出版，系根据康氏文件写成），谓‘柯耳以此事告知英籍女管家霍维太太（The English housekeeper, Mrs. Howe），霍太太对被囚者同情，乃作此函，于10月17日夜间11时投至康寓’。今据Statement of George Cole 1896.11.2 亦同。”
002.孙中山向清吏下跪求饶.txt	369	(19)最有趣的一个尾声是冯自由《革命逸史》第二集所述的邓廷铿与孙中山民国成立后的再见面：“按邓廷铿号琴斋，广东三水县人，乙未前孙总理在广州行医时尝与邓有一面之雅，故丙申远游伦敦，以他乡遇故，自容易受骗，邓曾任广州某报记者，自称‘环球三周客’，盖邓时以生平曾三度环游世界之经历炫耀人前也。辛亥革命后，邓于民元2月尝诣南京临时大总统府投刺求谒孙总理，总统府副官某等知其曾陷害总理，欲治以汉奸之罪，特向总理请示。总理曰：‘桀犬吠尧，各为其主，已过之事，无庸深究，彼来求官，但不予之官足矣。’即令副官护送邓出府，庶免发生危险，是可见总理器量之广，殊非常人所及也。”又胡汉民《题总理蒙难记念室》诗注中说：“总理曾言至伦敦遇粤人邓某，喜其颇识时务，欲晓以大义，辄与偕行，遂误陷使馆。”足见孙中山当时与邓廷铿不无交情。
003.孙中山与吿洋状.txt	3	研究国民党的意识型态，会发现它有许许多多的扣人套语，其中最有趣的一个，就是所谓“告洋状”。
003.孙中山与吿洋状.txt	7	国民党用“告洋状”丑化党外人士，是源远流长的，在《自由中国》“雷案”时候，国民党就这样说；在“美丽岛事件”时候，国民党就这样说；最近“蓬莱岛事件”陈水扁去美国时候，国民党又这样说。1月29日，《自由日报》就登出国民党新竹县县长陈进兴的谈话，说“如果陈水扁到美国去‘告洋状’的话，将会丢尽中国人的尊严与颜面。”2月8日，《民族晚报》就登出小社论“挑灯夜话”，以“告洋状”为题，破口大骂，说陈水扁的“告洋状”，“徒然留下崇洋媚外的可耻记录”。
003.孙中山与吿洋状.txt	11	若说“告洋状”是丑事，那么国民党的党员们，首先就该看看民国前十二年（1900）7月24日（阴历六月二十八日）的一封信。这封信标题“致香港总督历数满清政府罪状并拟订平治章程请转商各国赞成书”，是国民党总理孙中山等人（包括杨衢云、陈少白、谢缵泰、郑士良、邓荫南、史坚如、李柏等）以中国人身分，上书给英国总督的。全文如下：
003.孙中山与吿洋状.txt	23	所谓中央政府者，举民望所归之人为之首，统辖水陆各军，宰理交涉事务。惟其主权仍在宪法权限之内。设立议会，由各省贡士若干名以为议员，以驻京公使为暂时顾问局员。所谓自治政府者，由中央政府选派驻省总督一人，以为一省之首，设立省议会，由各县贡士若干名以为议员，所有该省之一切政治、征收、正供皆有全权自理，不受中央政府遥制。惟于年中所入之款，按额拨解中央政府，以为清洋债，供军饷及宫中府中费用。省内之民兵队及警察部队，俱归自治政府节制，以本省人为本省官，然必由省议会内公举。至于会内之代议士，本由民间选定；惟新定之始，法未大备，暂由自治政府择之，俟至若干年始归民间选举，以目前各国之总领事为暂时顾问局员。
003.孙中山与吿洋状.txt	41	这封信真可说是集“告洋状”的大成。首先说他们想“挽救”“时艰”，但是自感“势力微弱”、“政府冥顽”、大臣“观望”，他们想“定乱苏民”，要找谁呢？最后好了，他们找到英国、找到英国殖民地总督，“深知贵国素敦友谊，保中为心；且商务教堂，遍于内地。故某等不嫌越分，呈请助力，以襄厥成，愿借殊勋，改造中国。”他们告诉洋人说：“我南人”（我们南方人），要单独跟洋人合作，并且“机不可失，合则有成。”如果洋人肯帮他们，并且代为“转商同志之国，极力赞成”，完成大事后，“受其利者，又不特华人已也”。
003.孙中山与吿洋状.txt	53	近读中央研究院近代史研究所研究员林明德《孙中山与日本关系之探讨》一文（《革命思想》第六十卷第五期），读到如下一段文字：
003.孙中山与吿洋状.txt	58	读完这段文字，实在令人十分讶异，简直难以置信。由于这段文字，作者并未加注，注明引自何处，但对照李学长《卖国大比赛》（《千秋评论》第四十二期）大作所引述孙中山卖国五份秘件（注），简直叫人不得不信。在此，十分盼望，学问博大精深的李学长，能进一步把有关孙中山出卖厦门计划详加剖析，以期这段历史公案得以水落石出，或许孙中山卖国行为又将再添一章。
003.孙中山与吿洋状.txt	60	孙中山致大隈重信、小池张造……等信函，虽有彭泽周（见《检讨中山先生致大隈首相书的真实性》文）、古屋奎二（《蒋总统祕录》）、吴相湘（《孙逸仙先生传》）、李云汉（见《中华革命党的组党过程及其组织精神》文）……等人一再强加辩解、矢口否认，但经李学长大笔一挥，真章立见。孙中山恐怕再也无法翻身，必须永远背负卖国罪名。梁启超批评孙中山“为了目的，不择手段”，可谓一针见血，刻划入微。
003.孙中山与吿洋状.txt	67	重要者，首推大隈首相。1914年5月，孙中山致书上任不久的大隈，要求日本援助革命，打倒袁世凯，并以废除领事裁判权为条件，换取中国开放市场，订立关税同盟。翌年（1915年）3月，又致书外务省政务局长小池张照，提出《中日盟约案十一条》，但被搁置。
003.孙中山与吿洋状.txt	83	唐朝中叶，唐政府为了无力平安史之乱，请回纥出兵协助平乱，双方先订有卖国契约：“克城之日，土地士庶归唐，金帛玉女皆归回纥”，导致两京（长安、洛阳）遭到比安史之乱还要惨重的大浩劫——回纥兵及唐朝政府军在收复两地后，肆行杀掠，死者不计其数（名符其实的“劫收”）。洛阳的妇孺在惊恐中涌进圣善寺及白马寺躲避，希望佛祖的神灵保佑。结果回纥纵火焚烧，一万多人全被烧死，大火数月不熄。繁华盖世的东都洛阳，再遭浩劫，此后百余年，一片荒烟蔓草、断垣残壁。唐朝官兵也效法回纥，兵锋所至，对自己的同胞，比安史军系、比回纥兵团更凶暴、更狰狞。黄河流域，数百公里，残存的人民，用纸张糊作衣服，苟延求生。史书上说“贼来如梳，兵来如篦”，恐怕不是无中生有的吧？史书骂石敬瑭“卖国求荣”，以“儿皇帝”自居，却放过李渊未加挞伐、谴责，这可是“成王败寇”的具体写照吧？
003.孙中山与吿洋状.txt	85	李渊为了逐鹿中原、取得皇位，向东突厥“称臣请援”；石敬瑭为了做皇帝，割燕云十六州，被契丹策封为“儿皇帝”；孙中山为了推翻满清，反对袁世凯，不惜出卖满洲、厦门领土及其他利权；蒋介石战前为了联日抗共，不惜以“不抵抗政策”，拱手出卖东北广大领土，战后为巴结美、英、苏，不惜签下丧权辱国、遗害子孙的《中苏友好同盟条约》，退守台湾，为了得到美国的卵翼保护，不惜签订《中美共同防御条约》及《中美共同防御期间处理在华美军人员刑事案件条例》（尤以后者，比领事裁判权、治外法权，不相上下）。看来，他们都是半斤八两，一丘之貉，他们都“为了目的，不择手段”，他们都做贼，他们都卖国。吾人应该把他们一起拉下来，接受人民的公审、和历史的批判。
003.孙中山与吿洋状.txt	93	一、1900年7月24日，孙中山等（还包括杨衢云、陈少白、谢缵泰、郑士良、邓荫南、史坚如、李纪堂等八人联名，由孙中山领衔，陈少白起草，何启英译）《致港督卜力书》。提出条件是“迁都”“还洋人债务”“放弃关税自主”让洋人“分沾利益”及整个中国做南北之分……等。
004.孙中山与卖国大比赛.txt	3	日本鬼子侵略中国，第一梯次是先策动满洲（东北）和蒙古独立，就是所谓“满蒙独立运动”。为这一作业奔走的，就是“大陆浪人”。“大陆浪人”包括所谓“支那通”、“民间志士”、黑社会份子、和政客。他们这些人，分别以黑脸、白脸的扮相，跟中国人打交道。在清末民初之际，扮黑脸的祖师爷是川岛浪速（就是女特务川岛芳子的养父）等，他们以日本陆军参谋本部为后台，支持中国的当权派，这批黑脸们认为中国早晚要分裂，他们要押当权派的宝，利用当权派对他们的倚赖，从中取利；扮白脸的祖师爷是黑龙会头子头山满、内田良平，还包括立宪国民党的犬养毅，他们支持中国的在野派，这批白脸们认为中国革命会成功，所以要“烧冷灶”，他们要押在野派的宝，利用在野派对他们的倚赖，从中取利。
004.孙中山与卖国大比赛.txt	9	远在民国前十二年的7月24日，孙中山为了“走英美线”有成，曾联名（包括杨衢云、陈少白、谢缵泰、郑士良、邓荫南、史坚如、李柏等。）写信给英国总督（《致香港总督历数满清政府罪状并拟订平治章程请转商各国赞成书》），信中首先说他们想“挽救”“时艰”，但是自感“势力微弱”，“政府冥顽”、大臣“观望”，他们想“定乱苏民”，要找谁呢？最后好了，他们找到英国、找到英国殖民地总督，“深知贵国素敦友谊，保中为心；且商务教堂，遍于内地。故某等不嫌越分，呈请助力，以襄厥成，愿借殊勋，改造中国。”如果洋人肯帮他们，并且代为“转商同志之国，极力赞成”，完成大事后，“受其利者，又不特华人已也。”为什么洋人也占便宜呢？因为他们事先承诺了条件。条件是他们愿为洋人的安全与方便“迁都”；愿意还洋人债务；愿意放弃关税自主，“如关税等类，如有增改，必先与列国妥议而行”；愿意在铁路、矿产、船政、工商各业方面，让洋人“分沾利益”。……这封信最令人惊异之点是：孙中山说他们是“我南人”（我们南方人）要单独跟洋人合作，“机不可失，合则有成。”——为什么整个中国，要做南北之分呢？这实在是一个耐人寻味的问题。
004.孙中山与卖国大比赛.txt	13	在日本黑龙会所汇辑的《东亚先觉志士传记》中，曾经有这样的大意：
004.孙中山与卖国大比赛.txt	19	查《国父年谱》（增订本）1907年条下，这年3月4日，孙中山离开日本，他临走时私自接受了“日政府馈金”五千元和股票商人一万元，因为没有告诉同志，结果“大起非议”，几遭同志将同盟会总理职务罢免。同志们对他的不满是他与日本政府的秘密关系。《东亚先觉志士传记》说内田良平如何如何，应属可信，因为内田良平1898年认识孙中山，1901年创立黑龙会，与孙中山关系极深（1912年中华民国成立，孙中山就任临时大总统，立刻委任内田良平为外交顾问），由他出面与孙中山搭线，自属事理之常②。1907年中华民国成立前五年，这一疑案，尚一波未平；不期六年以后（1913），一波又起，这就是孙中山与桂太郞密商疑案。
004.孙中山与卖国大比赛.txt	23	桂太郞那时是日本军人政治家中最有能力也当权最久的人，日本自有内阁制度以来，没人比他做总理的任期更长，据戴季陶《日本论》第十八章“桂太郞”，记1913年春天，孙中山下台后访日，戴季陶做秘书，有这样的话：
004.孙中山与卖国大比赛.txt	25	在中国排满革命成功之后，他（桂太郎）特意派人来对中山先生表示亲近的意思。及中山先生到了日本之后，那时他正是第三次组阁的时候，他特意约中山先生密谈两次。这两次密谈的当中，他和中山先生都可算是尽倾肺腑的了。而自此以后，桂太郞之佩服中山先生和中山先生之佩服桂太郞，都到了极点。两人之互相期望，也到了极度。桂太郞死后，中山先生叹气说：“日本现在更没有一个足与共天下事的政治家，东方大局的转移，更无可望于现在的日本了。”当桂太郞临死的时候，他对在旁视疾的最亲信的人说：“我不能倒袁扶孙，成就东方民族独立的大计，是我平生的遗恨。”由这两人的感情上，大家总可以了解桂太郞的心胸和气魄了。何以一个帝国大军阀的领袖，一个民国开国的革命领袖，一个军国主义的权化，一个三民主义的宗师，会如此互相谅解呢？他们两人的互谅和互信，不是在学术思想上，不是在国家思想上，而是在以东方民族复兴为根据的世界政略上。桂太郞和中山先生密谈，前后约计十五六小时，桂太郞的话的要点，我可以记出来：
004.孙中山与卖国大比赛.txt	33	在戴季陶的回忆里，我们可以知道，“在政治道德上”，曾不无“始终守着”的“秘密”存在；但在日本人的回忆里，却把这一“秘密”，别有所指。宫崎龙介曾在日本杂志透露：孙中山和桂太郞之间，曾有密商，孙中山答应如果日本人援助推倒袁世凯，国民党当政后，愿意割让满洲给日本。宫崎龙介是宫崎寅藏的长子，宫崎寅藏是日本人中，与孙中山关系最早最深的，两人相互景慕，宫崎寅藏曾写《三十三年落花梦》为孙中山宣传，孙中山为这书写序，直称“宫崎寅藏君者，今之侠客也。”并在十七年后写“杭州环翠楼中题赠宫崎滔天联”（环翠楼中虬髯客；涌金门外岳飞魂。）赞扬他这日本朋友。以宫崎寅藏与孙中山的深交，他的儿子所述桂太郞与孙中山的密商，应属可信③。
004.孙中山与卖国大比赛.txt	39	陈固亭《国父与日本友人》中有“国父与大隈重信”一章，提到：
004.孙中山与卖国大比赛.txt	41	大隈重信是日本明治时代的政党政治家，曾任立宪改进党、进步党、宪政本党的党魁。1896年至1897年任松方内阁的外相，1898年及1914年两次奉命组阁，任总理大臣。晚年创办早稻田大学，献身教育。1908年编《开国五十年史》，网罗当时重要的政治家、实业家、学者、教授六十余人，慕述五十年间（1854-1904）近代日本的发展过程，内容涉及政治、法制、经济、教育、学术方面，为世界名著。
004.孙中山与卖国大比赛.txt	43	大隈与国父初次见面，是在民国纪元前十五年（1897）七月。那时国父自伦敦至加拿大转赴日本。由于犬养毅的介绍，会晤大隈，《孙文学说》第八章有一段说：
004.孙中山与卖国大比赛.txt	51	据《国父年谱》（增订本）1914年条下，五月十一日：“致书日首相大隈重信，说其助民党讨袁。”这封信国民党一直没有公布，反倒被日本人公布了。（收在渡边几治郎著《大隈重信》194—198页，昭和十八年九月照林堂书店出版。）最早把这封信翻回中文的是王芸生（《六十年来中国与日本》第六卷，1933年8月天津大公报出版部出版），四十七年后④，彭泽周发表《检讨中山先生致大隈首相书的真实性》（《大陆杂志》第六十卷第六期，1980年6月）予以翻案，说王芸生译本既不准确，这封信本身也是日本人假造的⑤。据吴相湘《孙逸仙传》：
004.孙中山与卖国大比赛.txt	53	彭泽周这一论文，说明渡边几治郞将孙先生致大隈首相的这封密函译出掲载出来，用意在解释大隈内阁向袁世凯提出的二十一条的由来。自此以后，日本学者们便根据渡边的译文批评孙先生的讨袁运动是孙袁之间的权力斗争，不是什么所谓革命，甚至于战后的一群年轻的学者们更认为：被称为中华民国之父的孙文也竟然要把自己的国家的利益与主权出让给军国主义的日本。总之，这封密函的译文在日本对孙先生的人格及孙先生的革命思想的评价，影响实在太大。彭泽周因此就自拍照片加以重译刊出。全文主旨在希望日本助中国革新，以救东亚危局。而中国之报酬，则开放全国市场，以惠日本攻商。“日本不啻独占贸易上之利益。是时中国欲脱既往国际上之束缚、修正不对等之条约，更须藉日本为外交之援。如法律、裁判、监狱既藉日本指导而改良，即领事裁判权之撤去，日本可先承认之。因而内地杂居为日本人求中国之便利，而更进使中国有关税自主国定之权，则当与日本为关税同盟。日本之制造品销入中国者免税，中国原料输入日本者亦免税”。
004.孙中山与卖国大比赛.txt	57	在王芸生的译文问世后的第二个月里，蒋廷黻写《民国初年之中日关系》（天津《大公报》文学副刊第二九八期，1933年9月18日），为《六十年来中国与日本》第六卷做书评。蒋廷黻说：
004.孙中山与卖国大比赛.txt	69	袁先生所出的代价大致与孙先生所出的相同。外交部另一个电报说：
004.孙中山与卖国大比赛.txt	79	我引这几段的意思并不在批评民国初年的伟人，而在指出这章书的价值和说明中国近代内争的大隐忧。个人尽管爱国，但一旦加入政权的争夺，免不了只顾目的，不择手段，正如孙先生所说“势也”。这样的争夺，久延下去，国家将卖尽了。我所以近来竭力提倡巩固中央的地位，几乎不顾中央是谁主政及主政的好坏。“设其地位之巩固过于今日，其对待日本必更甚于今日，可以断言”。国人抗日而不图巩固中央的地位者，真是缘木求鱼。
004.孙中山与卖国大比赛.txt	87	这很可能是所求不遂后的愤慨话。蒋廷黻说大隈重信“或者他以为孙先生的支票是不能兑现的，就不费事还价了。”这是对的。大隈重信显然没有跟孙中山出的价，不但没跟，反倒用孙中山给他的信，向原与友善⑦的袁世凯抬了轿子。据李毓澍《中日二十一条交涉（上）》：
004.孙中山与卖国大比赛.txt	91	据《日本外交文书》（大正四年第三册上第五六九号文书页590-596）中日本驻华公使日置益的秘件，当时日本为使袁世凯承认二十一条，曾有“引诱条件”与“威压条件”。前者之一是“严格取缔在日本及其保护下之革命党员”；后者之一是“煽动革命党……显示颠覆袁政府之气势，以威胁之。”日本鬼子当时用两面手法整袁世凯，而自己送上门来的孙中山，正好被用做了讨价还价的工具！冯自由《革命逸史》第三集记当时黄兴写信给他，说“请转告中山先生慎勿驱虎进狼(12)。”因为黄兴深深感到，在二十一条的压力下，大力讨袁，必将为日本所乘，为驱袁老虎，而进日恶狼，这不是忧国者所忍见的！
004.孙中山与卖国大比赛.txt	95	以上所述1907、1913和1914年的三件疑案外，到了1915年，飞短流长又发生在孙中山的头上。吴相湘《孙逸仙先生传》：
004.孙中山与卖国大比赛.txt	101	关于这一秘件，《蒋总统秘录》第三册曾有如下文字：
004.孙中山与卖国大比赛.txt	159	以上接二连三的疑案，其实还不是全部的，例如还有1915年4月的十五条密约，也是其一。《蒋总统秘录》第三册即有“譬如说”如下：
004.孙中山与卖国大比赛.txt	163	譬如说，孙先生在1915年和某日本人缔结有十五条“密约”。这个流言，揭载在该年度所发行的《民族评论》杂志上，英国学者鲍莱等人在他们的历史研究著作中，也曾加以引用。
004.孙中山与卖国大比赛.txt	171	蒋廷黻说得好：“个人尽管爱国，但一旦加入政权的争夺，免不了只顾目的，不择手段，正如孙先生所说‘势也’。”想当年孙中山骂袁世凯卖国，说“袁氏以僭帝位之故，甘心卖国而不辞。”又骂徐世昌卖国，说徐世昌“悍然与日本直接交涉，而无所忌惮，……特宣布徐世昌及其党羽卖国奸谋。”……孙中山责人卖国，是很义正词严的，但是被责的人是否服气，则显属疑问。《张溥泉先生全集》收有张继与林森等致汪精卫、谭延闿、蒋介石等的信，似为袁世凯不服，信中说：“袁世凯借二万五千万大款，予人以盐务稽核，吾党犹谥之为卖国，今俄之助我至少，所攫至大，设有人以卖国责吾党，吾党其何辞以对？”可见国民党卖国有甚于袁世凯，连国民党大员亦扪心自己承认。我写这篇文章，目的无他，只在证明国民党救国固不后人，卖国亦不后人，知人论党，如此而已(13)！
004.孙中山与卖国大比赛.txt	175	①当然国民党有不同的说法。《蒋总统秘录》第三册：“在日本黑龙会所汇辑的《东亚先觉志士传记》中，记述有孙先生曾经在1907年前后，到处向日本‘志士’们说：‘中国革命的目的是灭满兴汉，只要能在长城以南建国，就很不错，至于东三省和蒙古等方面，可以任凭日本拿去。’”“这种记述，是意图侵略中国的日本人，为了要使自己的侵略行为正当化，而捏造出来的‘事实’。现在只要举出一点证据来，就足以证明其为捏造；这个证据，就是在孙先生的革命蓝图中——不用说是东北，就连台湾都是列在中国的版图之内；台湾是在1895年因马关条约，被日本所非法割据，在1907年的时候说来，已经是被日本继续统治了十二年，但是孙先生连对于在这样情况之下的台湾，都还是主张属于中国，何况对于中国主权仍然存续的东三省，怎样会说出让给日本？孙先生的目的在谋求‘全中国统一’，非常明确，是丝毫不容混淆的事实。”“像黑龙会这样的团体，只要印证它后来的历史，就可以明白了解它是专事担任日本侵略中国政策的前锋任务；他们对革命协力，也是为了便于其侵略行动的谋略之一，像那些‘志士’们有目的地传播出来的流言，实在是不值得识者一笑。”可以参看。请特别注意“长城以南”的话。台湾也在“长城以南”。
004.孙中山与卖国大比赛.txt	177	②内田良平：《硬石五十年谱》（遗稿），《祖国》1954年五月号（第六卷四号）；吉田益三：《内田良平先生二十周年祭》，1957年9月版。
004.孙中山与卖国大比赛.txt	179	③当然国民党有不同的说法。《蒋总统秘录》第三册：“还有一个流言，牵涉到孙先生和桂太郞的会谈。据说是在1913年，孙先生访问日本，和桂太郞协商决定：如果日本援助革命党讨伐袁世凯，则可以割让东北——这个流言，自从由宫崎龙介（宫崎寅藏之子）在日本杂志发表以来，传播得相当广泛。”“然而，宫崎龙介并非参与过这一席祕密谈话的当事者，而且不能忽略他也是和黑龙会有关系的人。”“被指为作这个约定的时期，不用说是正在1915年日本对华提出二十一条要求之前，假定当时确有这个约定的事实存在，那么，当日本在所提二十一条中包括有使东三省南部全面殖民地化的意图之际，孙先生便不可能对之提出抗议；即使提出抗议，则该会被日本指出违反了他自己的约定而受到反驳。然则实际上，孙先生却严正地提出抗议，日本方面也竟未能有一语反击。”可以参看。请特别注意，1915年孙中山对二十一条提出抗议和日本方面没有反击，并不能证明1913年孙中山自己没有密商的事。有密商，按国际政治惯例，对方也不能公布。何况事实上，孙中山自己并没有明显的抗议，有抗议的，反倒是袁世凯，有谢持《总理嘱件记录》可证也。（在日本外务省记录中，有桂太郎与孙中山会面记载，但资料却烧毁了。）
004.孙中山与卖国大比赛.txt	181	④渡边几治郞《文书より观たる大隈重信侯》是1932年发表的。王芸生《六十年来中国与日本》第六册从渡边几治郞之文译出孙中山的信，以“日本之额外收获”为标题。
004.孙中山与卖国大比赛.txt	183	⑤彭泽周《检讨中山先生致大隈首相书的真实性》一文中结论说：“一、这封密函绝不是中山先生亲手写的。二、即使中山先生在这封信上署名盖章，但信中的意见不能代表中山先生本人的意见。三、而且，这封密函上的署名字迹及图章都有可疑之处，似有伪造的可能。”彭泽周又说：“中山先生以日本为基地，进行反袁运动，实在是困难重重。一方面受到日本政府的严密监视，一方面受到袁世凯政府的牵制与干涉，再加上革命资金的不足，这都是使第三次革命计划受到阻碍的主要原因。而且，这时的中山先生是一位‘亡命客’，而大隈重信却一跃为首相，两者之间的关系，与当年在早稻田相欢聚时的情况迥然不同。大隈为顾及袁世凯的面子，不能不与反袁派的领袖中山先生保持一定的距离。反之，就中山先生来说，为完成第三次革命，欲借大隈之力以倒袁也是实情。根据警视厅向外务省提出的报告，中山先生曾借戴天仇、萱野长知访问大隈的政友板垣退助（一八九八年六月，曾与大隈共同组阁），打算通过板垣促使大隈内阁支援革命党，但未得要领而归。当时愿意援助中山先生倒袁的，多是一些民间人。但他们之间也有些人并非真意援助革命党，而是企图利用革命党以达到能在中国取得政治或经济上的利益为目的。”“从中山先生致大隈首相书的内容而言，主要是提出开放全国市场，以利日本工商。此一意见与东亚同志会向大隈内阁所提出的‘意见书’内的‘关于一般利权’第一条项的内容完全一致。因此，我怀疑中山先生致大隈首相书可能出自东亚同志会会员之手，要不然，就是与东亚同志会抱有同一意见的人。”“这封密函被提出来后，对于大隈内阁后来对袁二十一条交涉上有极大的帮助。那就是大隈不但不援助革命党，反而将中山先生的反袁计划向袁世凯泄漏，以向袁讨价还价，企图促使二十一条要求的实现。”“关于大隈对于革命党的态度，王芸生也说‘一面掇撺革命军，一面又泄漏革命军之真情，以卖好与袁世凯，以为要挟之地。’由此都可以使我们看出大隈内阁对华政策的真面目。”“总之，大隈利用中国革命党与袁世凯之间的对立关系，以及列强忙于欧战无暇东顾的机会，向中国提出二十一条要求。此二十一条的内容是基于大隈的对华政策的基本方针、元老的意见以及民间各团体如东亚同志会。黑龙会等建言而构成的。在二十一条未提出之前，大隈内阁不得不预先做好提出二十一条要求的准备。因此，日本的民间团体中，有一部分人假借援中国革命党之名，写了一封有利于二十一条要求的‘致大隈首相书’要中山先生在上面署名盖章，以作为中山先生个人的意见，密呈给大隈。而且，致大隈首相书上的中山先生的署名及图章也似有怀疑之余地。因此，我们可以断言：这封致大隈首相密函绝不能代表中山先生的意见，它是被具有某种政治企图的人而写出来的。”以上彭泽周的论证，在大隈重信收件方面，实无可疑。自来秘密文书都是透过可靠而秘密的管道传达的。只要能进入这一秘密管道，验明发件对方无讹，文书即生效力，固不以本人手笔为准也。此由现存孙中山文件中，由秘书代拟代签的文件，固不在少可证。正如彭泽周所说：“渡边几治郞是日本研究大隈重信的专家。第二次世界大战前，因为他是帝室编修官，负责整理大隈侯爵家所藏之文书，所以有机会看到中山先生致大隈首相的这封密函，并将它译成日文，公布于世。”试问此信原藏“大隈侯爵家”，若是假信，大隈重信早应看出并且用假信来向袁世凯要挟，袁世凯岂是易与之辈，他能信吗？可见信是真的。
004.孙中山与卖国大比赛.txt	185	⑥致书一事显然被“宣泄”了，在日本报纸不直孙中山多让国权以换取支持的作为之际，黄兴有信澄清。这年八月十八日，黄兴写信给曹汤三，说：“顷接惠书，殊深骇怪。据云近得各处党员通告，并读中外各报登载弟所宣布中山先生之函，此事从何说起？党德败坏，竟至此极！殊可叹也。此事之有无，弟不必加辨。请足下函询中山先生，即知其真相。中山先生是否有此函件与日本当道尚属疑问？袁贼阴险，派侦离间吾辈，亦时时有之。即令有此函件，中山先生从未与兴阅过，兴又何从宣泄？此种卑鄙手段，稍有人格者不为。兴虽不德，自问生平未尝有此败行。今得足下惠书恳直指示，深为感荷！迩来人心险诈，同类自相倾陷，常逸乎人情之外。想此间亦不乏此种之人。不意明达如足下者，亦复深信之也。凡事平心察之，真象自见。望足下勿信浮言，幸甚。”
004.孙中山与卖国大比赛.txt	187	⑦据谢持《总理嘱件记录》，孙中山告诉他：“袁世凯原与大隈重信友善，故大隈组织内阁，袁氏大喜（此于吾国新闻可征者也），遂以二事要求日置益公使还国与大隈商议，求其赞助。二事者何：一、渠欲称帝；二、代平内乱是也（此事西文新闻纸言之颇详）。及日置还国，大隈赞成。然日本元老虽亦希望中国仍为帝国，而实存以朝鲜视我之心，而又深恶袁世凯，于是强大隈先提出此次条件（按即二十一条件）。故日置公使于开始交渉之初，面见袁世凯，即申言日本国人皆谓足下系排日者，足下今日欲与日本亲近，而求其助，不能不有所表示。足下能将此次二十一条件完全承认，则日本国人皆信足下而即助足下矣云云。袁世凯本欲承认，而其左右如段祺瑞、汤化龙及外交总长陆征祥诸人皆大反对。渠不得已，乃有此次抗议。然综观前后局势，袁终必承认也。”
004.孙中山与卖国大比赛.txt	189	⑧原注：“日外务省《各国内政关系杂纂》《支那之部革命党关系》三年六月二十日秘受字一一八六号，又六月十八日东京朝日新闻。”
004.孙中山与卖国大比赛.txt	191	⑨原注：“外交部《胶澳战事档》三年八月六日收陆公使电。”
004.孙中山与卖国大比赛.txt	193	⑩原注：“《原敬日记》第六册页三三一（1951年出版）。”
004.孙中山与卖国大比赛.txt	197	(12)《革命逸史》第三集“林故主席与美洲国民党”：“民四年夏间，日人强迫袁世凯签订二十一条款，国人大愤。留日之民党议员一部组织欧事研究会，主张暂时停止革命运动，以免妨害袁政府之对日外交。章行严、谷钟秀、杨永泰等所刊甲寅杂志即持此种论调。上海各报复揭载，黄兴、李烈钧、柏文蔚、陈炯明、钮永建五人署名之通电，文中首向全国民引罪自咎，次则声言愿停止国内革命运动，以实行举国一致御侮政策。时黄君克强居费城，钮君惕生居纽约，黄君致余书，有‘请转告中山先生慎勿驱虎进狼’之言。未几，余得子超先生自纽约函电，谓连日钮惕生马素二君约邓孟硕钟荣光谢英伯及森等联名致电中山先生，请示对日意见，可否暂停国内革命运动，实行举国一致御侮，免为国人借口等语。余即覆电，谓总理在清季革命时期，夙主张以革命止瓜分之说，今日人之强迫袁政府，与清季各国之威胁清廷，事同一例，谅总理必不赞同暂停革命之议，去电千祈勿署贱名云云。及钮、林、邓、钟、马、谢数君去电后，旋接总理覆电，称‘袁世凯蓄意媚日卖国，非除去之，绝不能保卫国权。吾党继续实行革命，即如清季之所以革命止瓜分’等话。果不出余所料焉。”参看注(13)。
004.孙中山与卖国大比赛.txt	199	(13)原注：“Jansen, Marius B: The Japanese and Sun Yat-sen (Harvard University Press 1954).pp.191-193.Metallon, Michael Vincent: The United States and Sun Yat-sen 1911-1925.pp.112-118.”又：薛君度《黄兴与中国革命》注中说：“在反袁斗争中，孙中山渴望获得日本的支持。据说，孙还愿意为此对日本做出让步。”薛君度提到Jansen的书，“詹森此书引用日本报纸的报导说，对于那些愿意回国协助抵抗日本侵略的革命党人，袁世凯表示将予以宽恕并提供活动经费。詹森还给读者以印象，即黄兴也是愿意投合或利用袁氏此项建议的人们之一，而且黄曾于一九一五年三月十三日回国。”“事实是：直到一九一六年夏天袁世凯死后，黄兴才返回中国。不过，应该提到，詹森在其陈述中含蓄地指出：在日本侵略危机严重的时刻，停止反袁斗争、争取联袁抗日的人们，是更为爱国的。”
004.孙中山与卖国大比赛.txt	201	(14)《蒋总统秘录》第三册：“这封‘密信’的内容，一目了然，中国是要自动地放弃主权，在军事、行政乃至经济方面，都打算做到‘日本化’。”“倘使孙先生真的写过这么一封信，那么，连他所领导的革命的评价，都会受到影响。现在应该明确地做一个研讨。”“首先，举出对于这封信的几点疑问：第一、当时，孙先生虽然已经退位，但毕竟是担任过中华民国元首的人物；像这样关系到国家兴废的‘密约’，怎么会竟以日本外务省的一介官吏为对象而向之提出？纵使孙先生是有接洽这件事的意思，则足为适当交涉对象的人物，还多得很，怎么会找上小池张造？第二、孙先生未曾学习过日文，所以，他过去的重要文件——即使是对日本人发出的文件，也都是就用中文表达。可见像这样重大的‘密信’怎么会特地用日文书写？第三、这封‘密信’上的签名——‘孙文’两个字，是模仿孙先生的笔迹，而显然不是他的亲笔。第四、在一九一五年三月的时候，碰巧和日本《民族评论》杂志揭载的十五条‘密约’同时，而且也是在袁世凯帝制自为和日本二十一条要求的国难期间，孙先生怎么会有这种抛弃三民主义、奉送利益给日本帝国主义的怪行径？”“其实，甚至于不必等到提出以上这几点质疑，而只要从‘密信’中的日文用语和错用汉字的情况看来，就能够判明是出于日本人之手所伪造的文书。日本方面竟然用到了像这样伪造文书的谋略来陷害孙先生，以图有利于其对中国的侵略行为。”“这种不择手段、执坳不已的阴谋，使人不寒而栗，真有一种不知从何说起的恐怖感！”按《蒋总统秘录》这些论证，都很难成立。因为日本外务省不会收入来源不明的文件。理由已详注⑤。
004.孙中山与卖国大比赛.txt	203	(15)这篇文章写“卖国大比赛”，只扯出袁世凯系与之对比，其实“卖国之下，必有勇夫”，要比赛的人，还多着呢！《蒋总统秘录》第三册就有这样一段：“川岛浪速于1912年7月，与肃亲王善耆再度签订密约，日本以帮助善耆在东北、蒙古独立，复兴清室为交换条件，获得在该地区的铁路、矿业等各项产业方面的权利；此外并决定让日本在外交、军事、财政等整个行政方面居于‘领导地位’，给予攫夺东北和蒙古的可乘之机。”可见又何止“北洋军阀”哉？连“满清余孽”都会参加呢！
005.孙中山的一个错误.txt	3	1912年（民国元年）9月里，孙中山有一次山西行，据《国父年谱》，这一行程如下：
005.孙中山的一个错误.txt	5	先生既受任筹划全国铁路全权，乃一面从事计划，一面亲往各地视察。先于9月6日赴张家口，视察中国工程师詹天佑自行设计修建之第一条铁路，旋返北京。时山西各界纷电邀请先生赴晋视察，国民党山西支部并派代表谷思慎、梁上栋来京迎迓，先生乃于17日离京去晋。同行者除谷、梁二代表外，尚有同志张继、吴铁城、景耀月及澳人端纳，交通部亦派叶恭绰沿途照料一切。先生于正太路车中，曾询梁上栋曰：“你是学工程的，你对于正太路用窄轨有何意见？”梁答：“除非万不得已，仍以用标准轨为宜”。先生复问：“你对于我的建筑铁路计划，有何意见？”梁答：“尚不清楚先生计划。”先生乃对梁说明其十年内建筑二十万里铁路之计划。继询山西矿务及军政情形，梁据实以答。先生颇以山西内部不协为忧，嘱张继、梁上栋等设法调和。18日抵太原，晚，邀山西都督阎锡山谈话，言及吴禄贞被刺事，不胜惋惜。19日上午，山西军政界在山西大学礼堂开会欢迎先生，先生即席演说，勖各界仍本革命牺牲精神，努力前进，因建设时代较破坏时代更应加倍牺牲。下午，山西农工商学界在劝工陈列所开欢迎会，先生演讲“吾人必牺牲目前小利，以求将来之幸福”。20日，赴国民党山西支部指示关于国会选举事宜。21日离晋，仍搭正太路车，阎再派梁上栋送至石家庄①。
005.孙中山的一个错误.txt	7	孙中山在山西，有过三次演讲，据《国父全书》，三次演讲都在9月19日，第一次是在太原各界欢迎会演讲，题目是《建设时代要比破坏时代加倍牺牲》；第二次是在太原商学界欢迎会演讲，题目是《吾人必牺牲目前小利以求将来之幸福》；第三次是在太原阎都督欢迎会上演讲，题目是《山西赞助共和之功》。在这三次演讲中，孙中山有这些话：
005.孙中山的一个错误.txt	79	①参看梁上栋《总理民元视察太原追忆》（《国父九十诞辰纪念论文集》）。
005.孙中山的一个错误.txt	81	②据阎锡山《回忆录》，是“原与孙先生约定革命军到河南时，山西再动”，但“不得已而早动”，是别有原因的。阎锡山说：
005.孙中山的一个错误.txt	83	我没有等到革命军到河南，就紧跟着湖北武昌之后，在太原起义，这并不是既定的计划，而是受了事实的逼迫，使我不得不提早行动。在山西巡抚陆钟琪于武昌起义后，特召其子亮臣来晋，做缓和革命之计，亮臣与我是日本士官学校同学，但属泛泛交，主张亦不接近，不过他知道我曾参加同盟会，且是铁血丈夫团中人。他到晋翌晨，即访我谈话。一见面就说：“我此次来，即为与兄研究晋省对武昌事件当如何应付。兄有意见，弟对家父尚可转移。”我当时答复他说：“武昌事件的真相，我尚不知，黎元洪究竟系为革命而起义，抑系别有原因，我也不明白。是不是我们现在谈应付武昌事件的话，还有点太早。”他又说：“我们还可以再观察几天，不过我可以和你说，最后需要家父离开时，我也能设法。”我笑了一笑说：“这话说得哪里去了，你来，我们更说不到那样的话了。”他临行时，又和我说：“过两天，我们是不是可以和兰荪（姚鸿发字）一起谈谈？”我说：“可以，你通知他，还是我通知他？”他说：“我通知吧！”
005.孙中山的一个错误.txt	87	阎锡山又说：
005.孙中山的一个错误.txt	89	越数日，首先接到开拔命令的是一标一营，开拔日期为阴历九月初八日（阳历10月29日）。我得到这个消息后，认为起义的时间不能再缓，即决定于九月初八日起义，时为武昌起义之后十九日。起义的前一天，我派张树帜同志去一标运动，并吩咐他先运动同志中的下级官和头目，再影响非同志的下级官和头目，将下级官和头目运动好后，以下级官和头目带起军队来，逼迫营长，只要他们不障碍，就不可毁伤他们。一面并嘱该标见习高冠南糾合同志暗中协助，先从一营入手。因一营奉令于九月初八日出发，出发之营，于出发前一日，方发给四万粒子弹，二、三两营尚未奉到出发命令，故未领到子弹。联系的暗号，约定运用好后，即在电话上告我：“债讨起。”如运用不好，则告我：“债不能讨。”张树帜同志临行时，我又告诉他说：“你纵然运用不好，也不可离开一标的队伍，如二标发动时，你在一标能拉多少算多少，至少也要纠合我们的同志带队响应。”
005.孙中山的一个错误.txt	91	张树帜同志走后，我即召集二标中下级军官同志十一人开会，我首先问他们说：“我们是遵令开拔，还是起义？”大家同声说：“我们应该起义。”我又问他们说：“一标不同情怎么样？骑炮营有没有办法？”他们说：“炮兵可以设法，骑兵没什关系，一标至少也能拉出一半人来！”我说：“好吧！那么我们等等看，先把二标的动作研究研究！”讨论至午夜，一标有电话来，知道运用成功，当时就决定让他们回去照计划于翌日早晨开城门动作，一标打抚署前门，二标打抚署后门。开会的同志刚出了我的门，瑞墉之弟瑞禄就拦住大家，拉住排长李执中的手问：“你们开会做什么来？”机警一点的同志说：“研究开拔的事、”但李执中认为事已败露，遂跳了井。他们返回来报告我，我很着急，但仍命大家随时与我保持联系，照原计划行动。实则当时官场中对革命的警觉性不够，他们虽知道我们开会，并未防我们起义。
005.孙中山的一个错误.txt	93	又说：
005.孙中山的一个错误.txt	95	九月初八日（阳历10月29日）天刚亮，我就到二标二营，因将该营管带瑞墉囚禁之后，须我特为照料。我并告知一二两标对陆巡抚及其公子暂囚勿伤。兵动后，我督率二标先攻抚署后门之巡防队，因非攻破巡防队，不能攻抚署后门。一标向抚署前门进攻时，协统（旅长）谭振德在抚署门前厉声的说：“你们造反啦！赶紧回去，不究！”我革命军中有一位杨潜甫同志（杨乃山东曲阜人，亦为同盟会盟友，系盟友赵守钰任二标三营督队官（营附）时，经另一盟友贾铭甫之介绍召其来晋者，起义前一日晚，一标破釜沉舟的行动，也是他领导起来做的），反激他说：“协统也知道革命的大义么？如知，指挥我们向前，否则，请退！”谭尚力阻不退，杨潜甫同志乃举枪将其击毙，奋勇当前，带队冲入抚署，抚署卫兵未做抵抗即纷纷溃散。陆巡抚此时衣冠整齐，立于三堂楼前，陆公子亮臣随其旁。陆公子说：“你们不要动枪，我们可以商量。”陆巡抚说：“不要，你们照我打吧！”当时因陆巡抚之随侍有开枪者，遂引起革命军之枪火，陆巡抚与其公子亮臣均死于乱枪之中。陆巡抚谭协统陆公子与我们的立场虽异，而他们忠勇孝的精神与人格则值得我们敬佩。因为立场是各别的，人格是共同的，故我对他们的尸体均礼葬之。
005.孙中山的一个错误.txt	97	又梁上栋《总理民元视察太原追忆》中记阎锡山对孙中山说：“陆巡抚有感革命势力之威胁，调其子亮臣来晋，对我说：‘山西不要早有举动，大势需要赞成革命时，可整个赞成。’但不数日陆巡抚命令山西新军两标（相当团），一标开平阳府（临汾），二标开代州，调巡防队七营接太原防务。并令黄国梁的一标先开拔，我的二标后开，我认为这是反革命的布置，开拔之日，不得不于一标弹药到手之后，即冒险发动。”
005.孙中山的一个错误.txt	99	③由于孙中山对阎锡山有了错误的“过奖之辞”，所以阎锡山的左右也就“居之不疑”了。例如《阎百川先生纪念集》中收有《阎夫人徐竹青女士率家属祭文》，就有“辛亥八月，义旗首举。各省响应，清廷退步”的话，颠倒历史，变本加厉啦！
006.孙中山反对双十国庆.txt	5	双十节是1912年9月28日由临时政府公布参议院的决定而产生的，是纪念辛亥革命武昌首义而来。武昌首义是阴历八月十九日，换算成阳历正好是10月10日，于是就成了双十节。以双十作为国庆，有推翻“家天下”的意义，本来是很好的，但是出来个中华民国总统袁世凯，他要把政权交到儿子手里，想父死子继，把中华民国变成他们“袁”家的，于是，“中华民国”以双十为国庆的意义，就给搅局了。孙中山有鉴于此，遂大力主张把双十节作废，改以反对“家天下”的云南起义（1915年12月25日）为国庆。孙中山这一鲜明立场，表明在他1916年12月13日在上海打给黎元洪的电报里。孙中山说：
007.孙中山《国父遗教》不可不读也！.txt	1	孙中山《国父遗教》不可不读也！
007.孙中山《国父遗教》不可不读也！.txt	5	竹联帮老大陈启礼跟我说：“李先生，你学问太大、文章太好、读书太多。我们不能跟你比，我们只在管训时读读国父遗教，我们是不读书的。”我说：“《国父遗教》如果读书得间，也开卷有益。我就喜欢读《国父遗教》。”
007.孙中山《国父遗教》不可不读也！.txt	7	如今，陈启礼又坐牢了，牢中管制读物，准读之书恐怕不多，不过读《国父遗教》绝不虞匮乏，我要是他，就可读出这些史料：
007.孙中山《国父遗教》不可不读也！.txt	27	顷诵惠教，知方君寰如函称，囯史征集，文已允为间日讲演。此乃方君之意，以为当然，文实未之知也。然述革命之概略，为信史之资，此固文所乐为者。唯以文近方从事著述，无暇以兼及此耳。文所著述，盖欲以政治哲理，发挥平生所志，与民国建划暨知难行易之理，撰为一编，以启迪国人，俾灼知共和政治之真相为何，国民之所宜自力者为何。草创将半，再阅数月，或可杀青。其中一章，所述者为“革命缘起”，至民国建元之日止，已略述此数十年来共和革命之概略，足为尊处编纂国史之干骼。若更求其详，当从海外各地征集材料，乃可汇备采择。此事现尚可办，文当通告海外各机关征集材料；然事颇繁重，欲汇集其稿，恐亦需一载之时。顾国史造端宏大，关系至重，亦不宜仓卒速成，要须经以岁月，几经审慎，是非昭然，事实不谬，乃足垂诸久远，成为信史耳。至尊函主《国史前编》上溯清世秘密诸党会，文于此意，犹有异同。以清世秘密诸党会皆缘起于明末遗民，其主旨在覆清扶明。故民族之主义虽甚溥及，而内部组织仍为专制，阶级甚严，于共和原理，民权主义，皆概乎未有所闻。故于共和革命，关系实浅，似宜另编为秘密会党史，而不以杂厕民国史中，庶界划井然不紊；此亦希注意及之也。文所著述之稿，现尚未有定名，顾卒业以后，意在溥及国民，广行广布，若完全由沪印行，恐卷帙繁重，分运为艰，拟备资于京沪分别印刷。执事闻见较详，倘知北京有优良之印局，足以印行，或完全由沪印行分运，如何为便，均望以办法见示，俾得有所折衷，甚幸。专此
007.孙中山《国父遗教》不可不读也！.txt	39	捧诵来教，感佩无量！清世党会，来源最古，大要以天地会为鼻祖，确系明末遗老所创立，递衍而为三合、为哥老，蛛丝马迹，具有线索可寻，彼其初意，不过反清复明而已。至同盟会兴，乃与共和有直接关系，然固亦秘密党会也，且亦多吸收各会分子，此中离合之迹，诚未易分明，要非广事搜罗，不足以资考证，诚如尊谕所谓，须经以岁月，几经审慎，乃可成为信史者也。可恨者，前此处专制时代，国内书籍几无一字可考，元培前亦曾托旅外诸友代为搜集，迄今年余，报告尚属寥寥。
007.孙中山《国父遗教》不可不读也！.txt	57	从这些“前事不忘”的文件中，陈启礼早该看出国民党“利用黑社会，然后踢掉黑社会”的章法，早就载诸史册了。早就载诸史册还不提高警觉，敬国民党而远之，宜乎有今日之下场也！陈启礼不好好读《国父遗教》于先，以致空呼负负于后，不亦悲乎，不亦悲乎！故黑社会什么书都可不读，唯《国父遗教》不可不读。切记呀，切记！
008.孙中山蒋介石逼反老同志.txt	5	《国民中学历史》第三册，在《中国国民党的改组》一条下，有这样两段：
008.孙中山蒋介石逼反老同志.txt	7	民国七年，南方的军政府全被桂系军人所把持，国父辞去大元帅职，离开广州，前往上海，加强革命组织与阐扬革命理论，写成《孙文学说》一书。民国八年，将中华革命党改组为中国国民党。民国十年，国父在广州召开非常会议，会议议决中华民国组织大纲，并选举国父为非常大总统，重振革命声威。但不幸直系军阀吴佩孚暗地鼓动陈炯明叛变，于十一年6月炮轰观音山总统府，国父蒙难。蒋总统中正先生在上海闻讯后，立刻冒险南下，追随国父左右，成为国父最得力的膀臂。
008.孙中山蒋介石逼反老同志.txt	15	陈炯明字竞存，是老广（广东海丰人）、也是老革命。生于1878年，那是清朝光绪年间。他小时念私塾，长大后进广东法政学堂，渐露头角。1907年，他只是一名学生，却领衔控告惠州知府陈召棠严酷扰民，使知府大人下台。这使他得到鼓励，感到事有可为。1908年，他密约马育航等三十余人宣誓缔盟，分头展开民族革命运动。同时又倡办海丰地方自治会、戒烟局，整理育婴堂及县仓等有关社会事业，热心公益。后来，他以最优等在法政学堂毕业了。正值清朝宣布预备立宪，各省设立咨议局，1909年，他被委为海丰县司选员。不久办起《海丰自治报》，被选为广东咨议局议员。咨议局开议后，他提出很多激烈主张，如裁撤广东善后局、革除衙局署积弊、废除就地正法等，其中与副议长丘逢甲（丘念台的老爸）等职名禁绝一切赌博案，更是要得。这年冬天各省咨议局推派代表在上海举行联合会，他和丘逢甲等三人被推代表广东与会，在那里，他与革命党取得直接联系，正式加入同盟会，在香港设立乐群书报社，以为革命党联络机关。
008.孙中山蒋介石逼反老同志.txt	17	此后他参加了多次革命行动，1910年参与倪映典广东新军起义之役失败，逃到香港，后回海丰主持《海丰自治报》。这年秋天，咨议局集会，陈炯明又提出禁赌案，人家以五万元送他，要他不出席，他拒绝了。但是其他议员多有受贿的，所以表决时，竟通过缓禁。于是丘逢甲、陈炯明联络各界，通电北京、上海、香港、澳门各地的老广，群起攻击，结果受贿的议员三十五人，一一下台，禁赌主张遂得实现。
008.孙中山蒋介石逼反老同志.txt	35	“援闽粤军”的总部在漳州，陈炯明在这地区领有二十六个县，很努力的为国民党建立根据地。他在漳州不但拆城造路、美化环境、整顿治安、革除陋规、推行卫生工作，并且还在开书局、办学校之外，培养人才，派遣留学生八十三人分赴英、法、美、日留学，他还资助国民党在上海的机关刊物——《建设》，文治武功，样样全来。陈炯明有大功于国民党，自不消说。
008.孙中山蒋介石逼反老同志.txt	37	“援闽粤军”于1920年8月16日在漳州誓师，率军回粤，替国民党抢广东做根据地。四天以后（8月20日），就进入了汕头。21日，孙中山电陈炯明祝捷，电文中说“所向大捷”的原因是“良由执事等指挥素定，谋略兼备”⑤，可算确评。
008.孙中山蒋介石逼反老同志.txt	39	值得注意的是，国民党这唯一的主力进军广州之际，蒋介石本人并不在军中。8月16日，陈炯明在漳州誓师之日，蒋介石本人正在家乡游山玩水⑥；8月18日，陈炯明在大埔、潮州、梅县作战下汕头前，蒋介石本人仍在家乡游山玩水⑦！蒋介石游山玩水，直到8月29日才回家。8月的作战他都没参加，9月的作战也没参加，直到10月11日，他才到了老隆前线总部，距离攻下广州（10月29日），只差18天耳！换句话说，蒋介石在这次两个半月的战役中，他只参加了最后的十八天，如让“史料自己说话”，则今天十分之九的《蒋总统传》，都要改写矣！并且，最后十八天中，他在最后十三天（10月16日）才赶上本军，最后9天（10月20日），因许崇智“病假”，才“以个人关系代许军长统 率第二军作战，过了1天多（10月22日），就拿下了惠州。我想，古往今来任何正义的历史家，核定丰功伟业，账都得搬搬位，改记在别人头上吧？
008.孙中山蒋介石逼反老同志.txt	43	……竞兄此番回粤，实举全身气力，以为党为国，吾人亦不惜全力，以为竞兄之助。同德同心，岂复寻常可拟。我望竞兄为民国元年前之克强（黄克强），为民国二年后之英士（陈英士）。我即以当时信托克强、英士者信托之。我所求者，唯期主义政策，与我一致，即我所谓服从我三十年来共和主义，而岂若专制之君主，以言莫予违为得意耶？兄与英士共事最久，亦知我所以待英士矣！兄不妨以我之意思尽告竞兄也。
008.孙中山蒋介石逼反老同志.txt	47	陈炯明在1920年11月1日当了广东省长兼粤军总司令：1921年5月5日孙中山就任非常大总统，陈炯明且当了陆军总长兼内务总长。这时他在政见上，与孙中山愈来愈相左了。孙中山这回有总统可做，乃是陈炯明自漳州回师广州，赶走护法军政府岑春煊等，才得来的机会。因为孙中山的大元帅，早就在1918年给挤下台了，下台后在上海⑨著《孙文学说》，潦倒得连书店都不肯给他印。他这次回广州后，一心想先干个总统。这个念头，引起同志们的不以为然。据当时粤军总司令部军务处长并一度代理参谋长的张醁村，在《陈炯明与孙中山的矛盾及其分裂》⑩中回忆：
008.孙中山蒋介石逼反老同志.txt	49	陈炯明认为孙暂不就职，即使就职，也尽可以大总统名义赴欧美各国做政治活动。在就职问题还没有解决的时候，有一天，陈炯明正在省长公署午餐，忽报中山先生来了，陈忙着出来迎接。坐下时，中山先生笑说：“竞存！你回粤来做了很多事情，同时大家都有了差事；不过独我一人还在向隅，望你委任委任吧。”这些辛辣的讽刺说话，使陈哑口无言，只得殷勤敷衍一番，从而决定了5月5日为大总统就职日期。
008.孙中山蒋介石逼反老同志.txt	51	其实，不赞成孙中山做总统，并不是陈炯明一个人，甚至孙中山的亲信蒋介石都反对。在孙中山就任总统前两个月（1921年3月5日），蒋介石有密信上孙中山，劝他不要干总统。蒋介石说：
008.孙中山蒋介石逼反老同志.txt	53	然目前为中正之所切忧，有一不忍言而又不能不言者，厥为选举总统问题是也。上次因此意见纷歧，致滋误会，嗣经商榷一再，始行解决。唯现在为期伊迩，根基尚虚，桂逆既未铲除，西南难望统一，议员又未足数，国会尚非正式，则选举总统一节，鄙见以俯顺各方舆论，从缓进行为是。此事前在粤时，亦同汝为细加研究，彼言对党唯有服从，于此固无异议。然以事实上之利害关系而言，平桂之后，首举大元帅，再选总统，则凡百进行，较为稳当。此汝为对中正一人之私言，乃中正对先生亦一人之私言，谅勿以此视汝为亦反对先生之人也。……若以选举总统之后，党见随以歧异，内部因之不一，西南局势亦顿形涣散，仍蹈1918年之覆辙，所谓对抗北京政府者安在哉(11)。
008.孙中山蒋介石逼反老同志.txt	61	对孙中山执意北伐的事，陈炯明是不以为然的，陈炯明主张粤人治粤，联省自治。他认为中国问题要走美国的联邦制才能解决，不能迷信武力统一，武力统一只能造成中国的更形糜烂、更形衰弱。联省自治的主张被引起注意(12)，起于1921年6月4日浙江都督卢永祥的通电。卢永祥主张“先以省宪定自治之基础，继以国宪保统一之旧规”。要求改弦更张，不再搞中央集权制。陈炯明首先通电赞成。陈炯明说：
008.孙中山蒋介石逼反老同志.txt	65	陈炯明又因卢永祥原电有各省区长官派代表、择定妥善地点先筹妥善办法，所以加发一电，补充说：
008.孙中山蒋介石逼反老同志.txt	73	《国民中学历史》所谓的“直系军阀吴佩孚暗地鼓动陈炯明叛变”，是与史实不合的(16)，相反的，“勾结军阀”的行为，孙中山自己固优为之。孙中山一意孤行，要武力统一，但武力统一力量又不够，只好勾结“军阀”来打“军阀”。例如1921年12月4日孙中山在桂林设大本营，十一天后（12月15日）就通电骂北方的总统徐世昌卖国；但是，只过了一星期（12月22日），徐树铮就到了广州。徐世昌代表的，固然是“军阀”，但徐树铮代表的，此徐却比彼徐更“军阀”，但孙中山却与之勾结，这又是何等原则乎，何等“革命精神”乎？在徐树铮到广州这一天，孙中山密电廖仲恺、汪兆铭，就说：“徐君惠临，慰我数年渴望。”(17)一年后他写信给杨大实，透露“汝为与又铮（徐树铮）情感尤洽，又铮联好吾党亦既有年”(18)。则谁“勾结军阀”既深且久，不言可喻。其实，南方国民党集团本身就是“军阀嚣张”，这是《吴铁城回忆录》中早就自承不讳的。所以说，扣陈炯明“勾结军阀”的帽子，而说他发动叛变，是不公平的。
008.孙中山蒋介石逼反老同志.txt	75	但是，国民党在乱扣帽子下，一切历史便大肆改写。以胡汉民《在东路前敌总指挥部举行总理蒙难五周年纪念大会演讲词》——《六月十六之回顾》为例，胡汉民说：
008.孙中山蒋介石逼反老同志.txt	83	1922年2月27日，北阀的誓师典礼，在桂林举行，但是3月21日，发生了邓铿被刺事件，据《国父年谱》（增订本）3月26日条下：
008.孙中山蒋介石逼反老同志.txt	85	邓铿既遇害，后方无人可以信赖，且因陈炯明与湘省赵恒惕勾结，许崇智主张回兵，蒋中正主张讨伐陈炯明。先生曰：“此事可问展堂（胡汉民）。”汉民言：“前为大局计，凡事都取宽容，今竞存如此，自然回兵。”先生韪之。因召集紧急会议，卒决议班师回粤，改道赣南北伐。时前方已过全州，先生于是下令，全体动员回粤。
008.孙中山蒋介石逼反老同志.txt	87	这次回广东，事实上是“潜师回粤”，瞒着陈炯明，秘密进行的。直到部队到了梧州，陈炯明才知道。这种作风，当然不是相见以诚。《国父年谱》（增订本）4月12日条下：
008.孙中山蒋介石逼反老同志.txt	91	是晚，蒋中正到梧，陈炯明先派廖仲恺来迎接，并致炯明电云：“先生遽归，意旨在添调军队图赣，并谋饷弹补充之确实，使此举不致无功，以坠声威，此外无他希冀。桂林调归各军，经三水、潖江口，集中韶、雄，宜于一星期内予以通过，俾勿别生枝节。”
008.孙中山蒋介石逼反老同志.txt	93	蒋介石是4月12日先带部队主力到梧州的，自然引起陈炯明的误会。4月16日孙中山抵梧州，电召陈炯明来，《国父年谱》（增订本）上说：“先生待之三日，炯明仍未来，蒋中正遂进兵肇庆。”仿佛其过在陈炯明，其实早在3月26日已明明是“蒋中正主张讨伐陈炯明”局面了。陈炯明能来吗？邓泽如《总理广州蒙难记别录》(19)记：
008.孙中山蒋介石逼反老同志.txt	97	事实上既然3月26日蒋中正主张讨伐陈炯明在先，并且秘密班师，“假途灭虢”，自然可信。据章炳麟《定威将军陈君墓志铭》：“十一年，孙公谋北伐，君以兵力未充辞，孙公疑君有他志，随令部将以手枪伺君，其人弗忍，事稍泄。”可见孙中山准备用手枪干掉老同志陈炯明，早在领袖召见时，就已萌凶兆矣！陈炯明后来写信给吴敬恒，说：“唯有一事，至今我所不解者：南宁劳军之日，即欲演烹狗之剧，事后闻之，毛发俱悚，我诚无状，然至今想不出获罪至此？”在陈炯明自感被利用完毕兔死狗烹的情况下，再要他前来送死，岂可得乎？于是，他只好辞职了。
008.孙中山蒋介石逼反老同志.txt	99	据许玉麟《革命北伐纪略》(20)回忆：
008.孙中山蒋介石逼反老同志.txt	101	时赖世璜于开大会时，曾出而请总理免陈逆之罪，总理怒曰：汝是他的党吗？汝是他的党吗？杀！杀！杀！时无人敢保，参谋长部次长蒋伯器出而保免之。总理至广州，大为改制，于是一方下令陈炯明免内务部总长、广东省长、两广盐务督办、粤军总司令、粤桂联军总司令、北伐第一路粤桂湘联军总司令等本兼各职，取消粤军总司令职，由大总统亲兼，准陈炯明以陆军总长名义在家乡暂时休息；一方面则令李烈钧先统诸路军出攻江西，而广州总统府又连日连夜委出大本营十八路司令。……
008.孙中山蒋介石逼反老同志.txt	103	可见当时孙中山在梧州，在开会之际，已经情绪不能控制了，他全无体统，而要当场违法杀同志赖世璜（兆周），只为了赖世璜替陈炯明缓颊。其实早在一年半前（1920年8月），孙中山就致电陈炯明，介绍赖世璜是“协和（李烈钧）遗部”，要陈炯明接济饷械，“则友谊上亦极圆满也。”(21)足见孙中山明知赖世璜不是陈炯明一窝里的人，既明知不是，却要一怒杀立大功于革命之人、杀眼中“勋劳甚著，义勇可钦”(22)之人，所谓“知难行易”，由此可见一斑矣！连不相干的第三者赖世璜都要给“杀！杀！杀！”，陈炯明在场，其能活乎？
008.孙中山蒋介石逼反老同志.txt	107	这种志在消灭陈炯明的作业，在《国父年谱》（增订本）4月20日条下，更见明显：
008.孙中山蒋介石逼反老同志.txt	115	这信在毛思诚《民国十五年以前之蒋介石先生》一书中被“钦定”窜改，上面这些原文，全不见了。对照起《国父年谱》（增订本）中他“主张讨伐陈炯明”、“消灭陈部”的勇于内斗作风，这封信的写出，倒是极耐人寻味的。蒋介石在信中后段说：“无论其结果如何，必致两败俱伤，否则败者自丧元气，徒坠令名，即胜者亦不免同室操戈，授人以残杀同志之口实，吾知其精神之痛苦，较诸败者更烈也。吾公如欲灭痕迹，免除内讧，其舍再出之外，尚有何妙法乎？”蒋介石怪陈炯明辞职不对，应该“再出”，但是陈炯明怎么“再出”呢？实际上，他是被孙中山免职了啊！
008.孙中山蒋介石逼反老同志.txt	127	事件发生后，北方的胡适在《努力周报》上写《这一周》（6月19至25日）(24)评议，颇见公论。胡适说：
008.孙中山蒋介石逼反老同志.txt	129	本周最大的政治变化是广东的革命与浙江的独立。孙文与陈炯明的冲突是一种主张上的冲突。陈氏主张广东自治，造成一个模范的新广东；孙氏主张用广东做根据，做到统一的中华民国。这两个主张都是可以成立的。但孙氏使他的主张，迷了他的眼光，不惜倒行逆施以求达他的目的，于是有八年联安福部的政策，于是有十一年联张作霖的政策。远处失了全国的人心，近处失了广东的人心，孙氏还要依靠海军，用炮击广州城的话来威吓广州的人民，遂不能免这一次的失败。孙氏曾著书提倡“行之非艰，知之维艰”的学说，我们当时曾赞成他的“知之则必能行之，知之则更易行之”的话（每周评论三十一号）。现在看来，孙氏的失败还在这一个“知”字上。一方面是他不能使多数人了解他的主张，一方面是他自己不幸采用了一种短见的速成手段。但我们平心而论，孙氏的失败不应该使我们埋没他的成功。蔡元培等前次劝孙氏下野的通电，虽然颇受了一部分人的批评，但蔡氏电文里赞美孙氏的话，确能写出孙氏的成功。蔡电说：
008.孙中山蒋介石逼反老同志.txt	139	在南方的国民党，似乎知道了这种错误，至少知道谈政见不同是对他们不利的，所以他们宣传的重点，规避开孙中山与陈炯明之间“主张上的冲突”，而把主力，放在陈炯明的“悖主”“犯上”“叛逆”上面，以便打得陈炯明不好抬头。这时候，胡适在北方又做了评议，他在《这一周》（7月17至23日）(25)写道：
008.孙中山蒋介石逼反老同志.txt	145	胡适的文章一出，立刻招来国民党的大力攻击。胡适乃再写《这一周》（8月14至20日）(26)，做进一步的说明：
008.孙中山蒋介石逼反老同志.txt	147	本报这一期（努力第十六期）登出“涤襟”的一篇《述孙陈之争》的长文。“顿涤”是没有党派成见的人，此次自广州避乱来上海，做了这篇文章，说明孙陈分家的历史。他自己也有时加上一点评判。我们觉得他的态度很平允，所以在这一期里把他全行登出，供讨论粤事的人的参考。至于我们对于孙陈之争，因为不容易得确实消息，所以不曾发表什么偏袒的意见；然而第十二期上攻击“旧道德的死尸”的一段短评，已惹起了民国日报一个月的攻击了。我们研究他们的驳论，参考“涤襟”的文章，觉得我们的主张所以招怨的缘故，全在我们不曾完全了解孙派用秘密结社来办政党的历史。同盟会是一种秘密结社，国民党是一种公开的政党，中华革命党和新国民党都是政党而带着秘密结社的办法的。在一个公开的政党里，党员为政见上的结合，合则留，不合则散，本是常事；在变态的社会里，政治不曾上轨道，政见上的冲突也许酿成武装的革命，这也是意中的事。但此次孙陈的冲突却不如此简单。孙文鉴于国民党的失败，仍旧想恢复秘密结社的法子来组政党。因为陈炯明是新国民党的党员，不曾脱党，而攻击党魁，故用秘密结社的道德标准看起来，陈炯明自然是叛党的罪人了。陈氏至今不敢发一个负责任的宣言，大概也是为了这个缘故。我们旁观的人只看见一个实力派与一个实力派决裂了，故认作一种革命的行动，而在孙氏一派人的眼里，只见得一个宣过誓的党员攻击他应该服从的党魁，故抬出“叛逆”“叛弒”等等旧名词来打他。这是我们现在的观察。但我们再进一步，提出一个疑问：秘密结社的仪式究竟是否适宜于大规模的政党？秘密结社用来维系党员的法子在现代的社会里是否可以持久？这一个“制度”的问题似乎也有讨论的价值吧。
008.孙中山蒋介石逼反老同志.txt	153	原来陈炯明本就是讲人格、有个性的人，当年孙中山在日本组织中华革命党，要入党的同志在誓约上打指模发誓“附从孙先生”，陈炯明就和黄兴等同志拒绝这样做，他们认为这种行为、条文太不平等了，也太侮辱人了。所以陈炯明虽然与孙中山南下护法，却始终不是“打指模”的党员，而只是同盟会的会员。他对孙中山的态度，也始终服理不服人（孙中山致蒋介石信，自言对陈炯明“岂若专制之君主，以言莫予违为得意耶”，即反证陈炯明并不唯命是听），但因他有大功于国民党，孙中山拉拢他，就特准他可以不打指模，于是在相持“二十余日”(27)后，陈炯明做了党员。但是细查孙中山、陈炯明之间的关系、在革命史上的关系，却显然是平行的、各自发展的，而不是“卵翼”的、提携的。黄惠龙《中山先生亲征录》(28)说：“陈逆炯明，自满清光绪末叶，以至民国时代，皆总理之所栽培，以常情而论，虽友朋酬酢，犹且称谢，何况总理于彼，甚于父师，倘非枭獍性成，断未有倒戈相向者。有之，则亦必不容其存在于人间世，厥理甚浅，妇孺皆能了然，此陈炯明之所以罪不容诛也。”所谓陈炯明“自满清光绪末叶，以至民国时代，皆总理所栽培”的话，是与史实不符的。南下护法后虽然有属从关系，但所谓“栽培”，又从何说起？——陈炯明为孙中山建立了最早的革命武力，谁“栽培”谁，正未易言呢！但是，自从国民党以秘密结社的心态挂帅以后，在“陈炯明叛变”的认定上，就始终放不开、始终死守封建教条，自寻烦恼不绝。徒子徒孙固无论矣，就在孙中山自己的言论上，也屡见不鲜。1922年8月，孙中山就说：“成功之毁，固深足惜，纲纪之坏，尤所痛心。”(29)9月，孙中山就说：“陈逆叛乱，乃伦常之变，痛曷可言。”(30)10月，孙中山就说：“此番粤变，功败垂成，深可太息。其尤痛者，则陈炯明以誓共生死之人，而竟出于枭獍之为，使人类伦理灭绝耳。”(31)可见他对“纲纪之坏”、“伦常之变”、“人类伦理灭绝”的痛苦，尤甚于北伐的失败。但是，为什么要这么痛苦？症结乃在孙中山不肯带国民党走上现代化的路，而要走上秘密结社的路。因为走上后一条路，自然就一切都要用“秘密结社的道德标准”来看人、来自处，于是天下大乱，痛苦随之矣！
008.孙中山蒋介石逼反老同志.txt	157	胡适以外，章炳麟在《定威将军陈君墓志铭》中，也为陈炯明说了公道话。章炳麟说：
008.孙中山蒋介石逼反老同志.txt	161	可见章炳麟就不同意陈炯明是“陈逆”，反倒认为孙中山在南方继续做非法总统是不顺的。在《太炎先生自计年谱》1922年条下，章炳麟又有这么一段：
008.孙中山蒋介石逼反老同志.txt	163	方徐世昌未走时，溥泉（张继）来问计。余曰：“竞存阴鸷，恨孙公罢其职，必报仇。徐世昌在，彼不欲居逐主名；世昌退，孙公亦黜矣！”亟电孙公，劝以去名号，勿负气忿争，念武侯（诸葛亮）贺仲谋（孙权）称尊之事，故不与争。孙公来电亦自言不得已。余答曰：“广东地治，一以付陈（炯明）；他省逋逃，屏绝勿近。得一夫而失一国，非谋也！”终以联省自治不可反对为献，言甚切至。
008.孙中山蒋介石逼反老同志.txt	169	关于这一阵子的混乱情形，一个冷眼人写了一份报告，使我们更对孙中山的性格有了了解。这个冷眼人就是美国驻华公使雪曼（Jacob Gould Schurman），他写了《对华机密报告》（Confidential Report on China）（1924年4月8日写于北京，现存康奈尔大学大学档案处）。报告文长二十五页，是专门写给柯立芝总统的。报告里面有雪曼亲笔签注：“应柯立芝总统之命而写，对将来或有参考价值。”（“Written For President Coolidge and at His Request. ”This May Be of Value in Future Year，J. G. S.）报告中提到：
008.孙中山蒋介石逼反老同志.txt	177	报告中又提到他在1924年1月对孙中山的谈话。他说：“你像你所批评的军阀一样，在打内战！”孙中山答道：“不！我不是军阀，我是医生，我打仗是以毒攻毒！”报告中又说孙中山：
008.孙中山蒋介石逼反老同志.txt	183	报告中说孙中山花了一刻钟的时间，阐扬“压迫”和“被压迫”世界间的斗争。但雪曼事后写道：
008.孙中山蒋介石逼反老同志.txt	191	报告中又说：
008.孙中山蒋介石逼反老同志.txt	195	雪曼提到广州市内开放赌博等事，陈炯明是绝对干不出来的。孙中山自从广州脱险后，为了打击陈炯明，不惜联络国民党的敌人——滇军的杨希闵、桂军的刘震寰、沈鸿英等，合击陈炯明。前方吃紧，部下向陈炯明要求“开赌筹饷”，陈炯明复电说：“粤军可倒，赌不可开！”此公讲原则、守初志的作风，由此可见。这一作风，导致了他的部队因粮饷不继而失败，但他宁愿不遗祸桑梓而失败。相对的，孙中山引来了滇军、桂军，却又自吃其果，这些部队在广东恶名昭彰，正是雪曼所描写的景象，《吴铁城回忆录》说孙中山有一次气得要“以首碰壁”，孙中山不能控制情绪如此，和他得肝病而死不无关系。
008.孙中山蒋介石逼反老同志.txt	213	但是，事实上，“孙先生及其谋者”“觉悟”了么？没有，一点也没有，不但没有，还要陈炯明写悔过书呢！原来吴敬恒调停时候，孙中山一听即大怒，说：“陈炯明谋叛，要杀我，什么人都可宽恕，独有陈炯明不可恕。”吴敬恒听了，立刻下跪，说：“这事关系北伐前途很大，先生不答应，我就不起来。”孙中山无法，只好说为了吴敬恒答应宽恕陈炯明，“但要他写一张悔过书，则百事可了。”吴敬恒欣然而起，要求孙中山“电陈为宽恕之词”，孙中山不肯。吴敬恒又跪下去，孙中山还是不肯。理由是：“一悔罪书不能书，难以见其悔祸也！”吴敬恒无法，乃去汕尾找陈炯明。陈炯明哪里肯写。吴敬恒赶回来，去见孙中山。孙中山索取悔过书，话才出口，吴敬恒就双膝下跪说：“我吴敬恒代陈炯明悔过！”就这样的，双方无法达成协议，终至决裂至死。1933年陈炯明死后，吴敬恒“有一联抄录”(32)，全文是：
008.孙中山蒋介石逼反老同志.txt	221	胡适在1922年写《这一周》（8月28至9月3日）(33)，就孙中山对陈炯明的态度，又有所评论。胡适说“对于孙氏，我们还有一个忠告”：
008.孙中山蒋介石逼反老同志.txt	227	悔过者，表示后悔自己犯了过失也。《孟子·万章》说：“三年，太甲悔过，自怨自艾，于桐处仁迁义。”王充《论衡·无形》说：“传称高宗有桑榖之异，悔过反正，享福百年。”可见悔过字眼，在中国是很早就流行了的。不过流行归流行，采取悔过哲学的人，却是在最上头的人，“太甲”也、“高宗”也，都是帝王级的统治者，这种人带头认错，不但不丢人，反足以见其大，但是，“世风日下”，到了国民党做了统治者，它的悔过哲学则反其道行之，它总是叫别人悔过，自己却好像无过可悔似的，这在我们这种正义之士兼历史行家眼中，可就有点看不惯。看不惯之下，就要写它一写了。
008.孙中山蒋介石逼反老同志.txt	241	孙中山死后，蒋介石《撰感言一首》，内容是：
008.孙中山蒋介石逼反老同志.txt	249	陈炯明在广东已无力足之地，他失败下野，住到香港，这时他四十九岁。美洲中国致公党成立，请他做总理，他接受了。吴敬恒说他这时候，“行踪诡秘，已无当年叱咤状态。后因密谋反抗举动，曾经国民政府通缉在案。”(35)1931年九一八事变后，他发表《敬告国人书》，并去上海，与章炳麟一同北上到天津，与段祺瑞等北方军人共商救国方略。第二年再去天津。在天津时，日本人拉他合作，他说你们先还我东三省，否则没话说。这是他最后一次在奔走国事，无所成就，后以母亲生病，返回香港。1933年9月22日，他死在香港，时年五十七岁。遗嘱以五色旗（是中华民国真的国旗，不是国民党窃国以后的青天白日旗）覆尸，以示不忘中华民国。这时候，他已经穷得交不出房租了，赖在弟弟陈炯光家，张一帆布床而卧，当然更没钱买棺材，只好借用他给母亲预置的寿材。一年以后，才归葬惠州。陈炯明一生不贪财不好色，死时一身以外无长物，全家老弱孤苦无依，黄脸婆太太眼睛也瞎了，情殊可悯。一代革命枭雄，就这样凄凉以去了。
008.孙中山蒋介石逼反老同志.txt	251	章炳麟《定威将军陈君墓志铭》说：“君自覆两假政府（岑春煊一个、孙中山一个），有骁名，人莫敢近，卒落魄以死。余独伤其不幸，以恶名见蔑，故平其议而为之铭。”(36)章炳麟也是革命元勋、也是最后被国民党“以恶名见蔑”的“不幸”人物，他在国民党迫害之中、在国民党众口铄金里，仍挺身为陈炯明说公道话，伟大的知识分子，不当如是乎？
008.孙中山蒋介石逼反老同志.txt	255	①当然，国民党的一面之词，是不承认“挖墙脚”的。李睡仙等《陈炯明叛国史》就有这样的话：“陈炯明一书生耳，率军讨贼，是何大事？左右辅弼，又焉可无人？孙公乃命邓故师长铿、许军长崇智、蒋参谋长中正等偕其出发。……”真妙文也！至于“左右辅弼”的这些人的品格，据廖仲恺1920年某月20日给孙中山密件，原来“至于汝为（许崇智），则日夕酣嬉，不事准备，促之出发，则谓天气酷热，行军太苦，否则托词集中需时，欲速不达。仲元（邓铿）、汝为之锐气如此，其他可知。竞存以既有宿诺，不便食言，故甚着急。”——所谓“辅弼”，原来如此！至于说陈炯明“一书生耳”，陈炯明却自称“炯明武夫”（1918年3月9日《为联合会议与军政府职权问题电》），他不承认是书生的。1918年12月22日，《郑愾辰等上国父报告援闽粤军之处境及对和会之意见函》（《革命文献》第五十辑）中有这样一段：“再闽战经年，尚未解决，陈公竞存百折不挠，当道弗谅，阻力横生，子弹不以接济前敌，反拟加派他军，以施牵制权位，非以奖励有功，徒为排斥异己，以厚私援。即如此次任林公督闽，陈公长闽，而复拟任方声涛为军务会办，经辰等上书力言，竞公督师九十营，占地数十县，万不可不予以军权，而方某以少数滇军，万不能会办福建全省军务等语。徐公季龙据以力争，乃始任竞公以省长兼军务会办，而方某亦同任为军务会办。军府如此用人，虽违吾辈最初主张，然闽局尚未解决，将来总看实力为转移。”这些意见，也是“挖墙脚”的旁证。
008.孙中山蒋介石逼反老同志.txt	257	②《国父全集》第三册《致陈炯明望向福州进取函》。
008.孙中山蒋介石逼反老同志.txt	259	③《国父全集》第三册《致漳州许崇智蒋中正属固守观变勿遽怀退志书》。
008.孙中山蒋介石逼反老同志.txt	261	④《国父全集》第三册《致漳州邓铿嘱勉任艰巨以贯彻主张函》。
008.孙中山蒋介石逼反老同志.txt	263	⑤《国父全集》第三册《致陈炯明暨各将领嘉慰作战胜利电》。对照起注①来，可知陈炯明在孙中山眼中，并非“一书生耳”，乃是“指挥素定，谋略兼备”的！
008.孙中山蒋介石逼反老同志.txt	265	⑥毛思诚《民国十五年以前之蒋介石先生》1920年8月16日条下：“薄暮，公在飞雪亭畔，倚崖侧乔松，鸟瞰千丈岩瀑布。会大雨，树杪重泉，溅珠喷玉，光色甚奇。登妙高台。南向突出，三面凌空。唯见众山之小、诸流之细，亭下（村名）屋舍俨然。”
008.孙中山蒋介石逼反老同志.txt	267	⑦毛思诚《民国十五年以前之蒋介石先生》1920年8月18日条下：“公探隐潭。第一潭黝暗，在峡谷，圆径不过丈余，而深度莫测。潭前涓流一脉，经第二三潭而入大溪。第三潭为一大岩穴，宽约二丈。上有覆盖。峭壁回合，前面騞开，高可百米突，右有澄湍冲泻。叹为观止。”
008.孙中山蒋介石逼反老同志.txt	269	⑧毛思诚《民国十五年以前之蒋介石先生》1920年10月20日条下。
008.孙中山蒋介石逼反老同志.txt	271	⑨孙中山下台去上海前，曾见陈炯明，请他好好把握住这一枪杆子。据程启槃《总理护法实录初稿》：“自军政府改组，总理辞职赴沪，道经汕头，至三河壩，晤陈氏，即以准备回粤戡乱事相勖勉。”即是指此。
008.孙中山蒋介石逼反老同志.txt	273	⑩《广东文史资料》第二十五辑。
008.孙中山蒋介石逼反老同志.txt	275	(11)毛思诚《民国十五年以前之蒋介石先生》1921年3月5日条下。
008.孙中山蒋介石逼反老同志.txt	277	(12)早在1920年11月，湖南的谭延闿就通电主张呢！通电中说：“此后各省以武力戡祸乱，不如以民治奠国基，宜仍互结精神，主张联合自治，贯彻救国之初衷，保全南服之人格。湘省军民，一致不改厥初。……”（1920年11月15日上海出版《新湖北》第一卷第三期）
008.孙中山蒋介石逼反老同志.txt	279	(13)愚历：《省宪辑览》（1921年12月上海发行）。
008.孙中山蒋介石逼反老同志.txt	283	(15)非常国会先非法通过《中华民国组织大纲》，再依第二条选举大总统，孙中山以二百一十三票当选。吴宗慈《护法计程》（1947年南昌出版）说：“至5月，由国会议员动议，选举孙先生为大总统，以策军事上迅速之进行，有少数议员不赞成，其所持理由，谓：‘护法事业，其根本在合法。兹以不足大总统选举法法定人数之国会议员，而选举大总统，恐人将议其后。若不用大总统名义，出革命方式，任何名义，均可采用。’此议虽根于法律，然在事实上，则大相背驰，故不为多数赞同，而大总统终于选出。”
008.孙中山蒋介石逼反老同志.txt	285	(16)吴相湘《孙逸仙先生传》：“至于陈反对孙任总统，张醁村记述以为并不是一般人所说的陈与吴佩孚有勾结。固然陈炯明曾派邓伯伟赴湘与赵恒惕联络。赵知孙、陈之间不一致，曾拉拢陈与吴合作，并结为金兰。但自负自大的陈炯明答复却有‘竖子不足与谋’的电文。后来陈突派湘人谭某往吴佩孚处，但谭竟被吴说服在炯明内部拆台，如劝洪兆麟与吴合作。故陈反对孙任大总统的实际理由，是陈曾草拟联省自治，与邻省和平相处，废除大总统名义改执政的方案，曾送请段祺瑞征求意见，得到同意。”
008.孙中山蒋介石逼反老同志.txt	287	(17)《国父全集》第三册《复廖仲恺汪精卫嘱与徐树铮洽商军事电》。
008.孙中山蒋介石逼反老同志.txt	289	(18)《国父全集》第三册《为辟许崇智徐树铮交恶谣传复杨大实函》。
008.孙中山蒋介石逼反老同志.txt	291	(19)《建国月刊》第三卷第六期（1930年10月上海出版）。
008.孙中山蒋介石逼反老同志.txt	293	(20)《革命文献》第五十二辑。
008.孙中山蒋介石逼反老同志.txt	295	(21)《国父全集》第三册《致陈炯明嘱接济赖世璜饷械函》。
008.孙中山蒋介石逼反老同志.txt	297	(22)《国父全集》第三册《促赖世璜努力讨桂函》。
008.孙中山蒋介石逼反老同志.txt	299	(23)《国父全集》第三册《复叶举等述准陈炯明辞职经过电》。
008.孙中山蒋介石逼反老同志.txt	301	(24)收入亚东版《胡适文存二集》卷三。
008.孙中山蒋介石逼反老同志.txt	307	(27)李睡仙等《陈炯明叛国史》中说：“溯正式政府初成之时，孙总统欲以党义感化竞存，力劝其加入中华革命党，陈氏不允，相持至二十余日（陈氏虽为同盟会会员，但未加入中华革命党），后虽宣誓入党，但若即若离，其态度之表现，似无真诚之感应，是总统欲以党义感竞存之策失败矣！”指的就是这件事。
008.孙中山蒋介石逼反老同志.txt	311	(29)《国父全集》第三册《陈炯明叛变后勖赵恒惕为国奋斗函》。
008.孙中山蒋介石逼反老同志.txt	313	(30)《国父全集》第三册《复张敬尧勉辅导奉军归义函》。
008.孙中山蒋介石逼反老同志.txt	315	(31)《国父全集》第三册《复石青阳勖奠定川局并向外发展函》。
008.孙中山蒋介石逼反老同志.txt	317	(32)《吴稚晖先生全集》（杂著）《述陈炯明生平》。
008.孙中山蒋介石逼反老同志.txt	321	(34)毛思诚《民国十五年以前之蒋介石先生》1925年3月25日条下。
009.孙中山蒋介石为什么不殉国？.txt	3	1922年蒋介石著《孙大总统广州蒙难记》，记1922年陈炯明的粤军炮轰孙中山的“总统府”前：
009.孙中山蒋介石为什么不殉国？.txt	7	这是1922年6月15日的纪录。蒋介石说孙中山一开始是准备“一死殉国，以谢国民”的，可是紧要关头，他的同志“乃以数人臂力，强挽总统出府”，要他逃亡，不要他殉国。结果呢，孙中山虽然“以文天祥自待”、认为“总统死民国，分所应尔”（均见《孙大总统广州蒙难记》），但是他毕竟没做文天祥，而让“君王死社稷”专美于前了！
009.孙中山蒋介石为什么不殉国？.txt	9	很巧的是，在蒋介石写《孙大总统广州蒙难记》后二十六年，他自己也是总统了，他也面临了一个殉国的机会。据他在《军人魂》讲词中回忆，经过是这样的：
010.孙中山不准再打炮.txt	3	在国民党钦定历史里，1922年有一次“犯上”的“叛变”，就是所谓“陈炯明叛变”。这年6月16日夜里，“叛变”开始，弟兄们，包围总统府去！对总统府打炮，孙中山狼狈逃亡。17日，孙中山逃上兵舰。据这年9月18日孙中山写的《致本党同志述陈变始末及今后方针书》，经过如下：
010.孙中山不准再打炮.txt	7	这一事件中最有趣的，是孙中山“乃命舰队先发炮”的举动。孙中山事后对人说，这一朝岸上发炮，是一种“炮教”（用炮打你的一种教训），为了“以示正义之不屈、政府威信之犹存”，所以不得不打你几下子。据蒋中正《孙大总统广州蒙难记》，“炮教”是“指定目标炮击，故人民之于是役，损伤甚微，而叛军死于炮火者，约数百人。当时因陆上部队不能如期发动，故炮击后，叛军乃得溃而复聚，其乱卒不克平。”可见“炮教”“炮教”，于大局无补，只是“炮教”而已。到了7月，孙中山在永丰舰上与洋记者谈话，记者问：“先生允不再炮击羊城乎？”孙中山答称：“是也。但须附以粤军不击予之条件。”可是你“炮教”我也“炮教”，最后海上的终告不支，孙中山于8月9日去香港；陈炯明于8月15日回广州，号称粤军总司令。
010.孙中山不准再打炮.txt	13	国民党虽然对陈炯明个人没有法子，但却恨屋及乌，干了一件鲜事，就是把陈炯明当年炮轰孙中山的炮，给查封起来了。国民党在今年2月出版《国父图像墨迹集珍》，公布了这一查封图片，并加说明曰：
011.孙中山与林肯名言.txt	9	布兰德·豪斯（Brant House）在《林肯的机智》（Lincoln's Wit）里，提到林肯在葛底斯堡演说前，已经在71号街的摄影师那儿，先看到了大演说家爱德华·埃弗里特（Edward Everett）准备同时演说的讲稿，那讲稿是埃弗里特先送给林肯过目的，林肯称赞埃弗里特的周到，埃弗里特因为先讲，显然怕林肯的讲稿内容跟他重复，给林肯带来不便。林肯看过后，表示不会有重复的危险，因为他的讲稿“极短、极短、极短”，并且还没写完，还没写完的讲稿他正带在身上，他要在摄影师准备照相那段空档里，看看自己的讲稿。
011.孙中山与林肯名言.txt	11	詹姆士·鲍尔温（James Baldwin）在《林肯传》（Abraham Lincoln）里，提到在那天的演说中，埃弗里特的演说被认为是成功的，而林肯的演说却是失败的，林肯的国务卿修华德（William Henry Seward）公然表示：“林肯的演说是大大令人失望的。”（Lincoln's address was a great disappointment.）林肯自己也后悔他没有用更多的时间去准备，他向一个朋友说：“我告诉你：它洗不掉了，它是彻底的失败，老百姓失望透了。”（Mr. Lincoln himself regretted that he had not given more time to it, “I tell you it won't scour，”he said to a friend. “It is a flat failure. The people are disappointed. ”）
011.孙中山与林肯名言.txt	13	那天埃弗里特的演说长达两小时，演说后林肯的演说只有两分钟。本杰明·托马斯（Benjamin Thomas）《林肯传》（Abraham Lincoln）里说：“听众刚刚注意听讲的时候，林肯已经讲完了，掌声零零落落的。照相的人还没摆好三脚架，林肯已经转身入座了”。
011.孙中山与林肯名言.txt	19	葛底斯堡演说场合是国葬典礼，所以演说的主调是凭吊国殇，林肯说：
011.孙中山与林肯名言.txt	25	可是，从广泛的一方面说，我们不能奉献这片土地——我们不能使之神圣——我们不能使之尊严。这些勇敢的人们，活着的和死去的，他们在这里奋斗，已经使这块土地神圣，远非我们的能力所能予以增减。世界上的人们不大会注意，更不会长久记得我们在此地所说的话，然而他们将永远不能忘记这些人在这里所做的事。这该是活着的我们来献身于这未完成的工作，而那工作固已经由于在作战的人们如此高贵地推动着。因此，这该由我们在此献身于我们眼前所存留的伟大工作——从先烈身上，我们将取得对那事业的更多的忠诚，而他们已为之输出忠诚到最后的完整阶段——我们在此坚决的拿定主意，要使他们不致白白的死去——要使这个国家在上帝庇佑之下，必得到自由的新生——要使那民有、民治、民享的政府必不致在地球上消灭。（徐道邻译：《美国政治思想文献选集》，1959年香港今日世界社出版）
011.孙中山与林肯名言.txt	35	版本虽有不同，但在of the people, by the people, for the people原文上，并没改动，所以这段以三个前置词带出来的名言，的确是他努力肯定的。徐道邻在中译这篇演说后，加以题解，说：“其论民主政治之真谛，以三介词阐发无剩义，尤为神来之笔。他人千言万语徒为词费矣。”可算确评。
011.孙中山与林肯名言.txt	39	徐道邻把of the people, by the people, for the people译为“民有、民治、民享”，显然是根据孙文的中译而来的。孙文的中译，根据我的细查，来龙去脉是很复杂的。最早是1919年，孙文在《文言本三民主义》中，有着这样的中译：
011.孙中山与林肯名言.txt	41	有美国共和，尔后始有政府为民而设之真理出现于世。林肯氏曰：“为民而有，为民而治，为民而享”者，斯乃人民之政府也。有如此之政府，而民者始真为一国之主也。
011.孙中山与林肯名言.txt	43	又过了两年（1921年6月），孙文演说《三民主义之具体办法》，他的中译开始修正：
011.孙中山与林肯名言.txt	47	一个月后（1921年7月），孙文演说《五权宪法》，进一步说明这一中译：
011.孙中山与林肯名言.txt	51	四个月后（1921年11月），孙文演说《党员须宣传革命主义》，他再说：
011.孙中山与林肯名言.txt	55	同一个月，孙文演说《实行三民主义及开发阳朔富源方法》，他再说：
011.孙中山与林肯名言.txt	57	今日受诸君之欢迎，乘此机会，得与诸君谈民国之政治，不胜慰快！改造真正之民国，乃全体国民之责任，尤为中华国民党员应负之责任。责任为何？即实行民族、民权、民生三民主义，即近代所谓之国为民有、国为民治、国为民享之真精神也。
011.孙中山与林肯名言.txt	59	再一个月后（1921年12月7日），孙文演说《三民主义为造成新世界之工具》，他再说：
011.孙中山与林肯名言.txt	61	三民主义，就是民族主义、民权主义、民生主义。这三个主义，和美国大总统林肯所说的“民有”“民治”“民享”三层意思，完全是相通的。民有的意思，就是民族主义。我们革命党为什么要提倡民族主义呢？因为满清专制二百多年，我们汉族受过亡国的痛苦，后来又受世界潮流的压迫，恐怕还要灭种，所以有少数人出来提倡鼓吹，要除去专制的异族。到后来全国觉悟，便把征服中国的满清根本推翻，把中国的统治权收回到汉人手里，中国领土完全为汉族所有。十年前革命的成功，就是民族主义成功。所以“民族主义”就是和“民有”的意思一样。革命成功以后，中国的土地和主权，已经由满清皇帝的手里，夺回到中国人民的手里来了。但是我们人民，徒有政治上主权之名，没有政治上主权之实，还是不能治国。必须把政治上的主权，实在拿到人民手里来，才可以治国，才叫做民治。这个达到民治的道理，就叫做民权主义。至于民生主义，是由人类思想觉悟出来的。因为我们既有了土地和主权，自然要想一个完全方法来享受，才能够达到生活上圆满的幸福。怎么样享受生活上幸福的道理，便叫做民生主义。所以说“民有”“民治”“民享”就是本大总统生平所提倡的三民主义。
011.孙中山与林肯名言.txt	63	再过两年（1923年10月20日），孙文演说《国民要以人格救国》，他再说：
011.孙中山与林肯名言.txt	67	再过两个月（1923年12月30日），孙文演说《国民党奋斗之法宜兼注重宣传不宜专注重军事》，他又说：
011.孙中山与林肯名言.txt	127	据《林肯的一生》（Life of Lincoln）的作者赫恩登（Herndon）考证：帕克当年把他的名言印在一本小册子里（这小册子叫On the Effect of Slavery on the American People），他送过一本给林肯，林肯在第五页这句名言下做了记号，所以林肯的名言在寻根之下，已经昭然若揭。
011.孙中山与林肯名言.txt	131	其实，以上的一连串寻根，只是在美国本地上的寻根而已，若要真的寻上瘾来，则名言的根中之根，本在英国。远在1384年，英国宗教改革家兼《圣经》译者威克利夫（John Wycliffe），就在导言里有了这类的名言，虽然这类的名言，林肯极可能并不知道。
011.孙中山与林肯名言.txt	139	对林肯演说中of the people, by the people, for the people的中译，因为中文英文结构的不同，早就发生困难了。最早试译它们的，是1916年的留美学生。据这年4月18日的《胡适留学日记》，有这样的记录：
011.孙中山与林肯名言.txt	157	前面说过，林肯的思路来自帕克，帕克思路中最令人注意的句子是他最后一次（1858年）那一段。帕克说：
011.孙中山与林肯名言.txt	163	帕克以外，从早于帕克二十年前韦伯斯特的思路里，我们也可有触类旁通的领悟。韦伯斯特说：
011.孙中山与林肯名言.txt	175	三天以后，他对国会致词时又说：
011.孙中山与林肯名言.txt	187	正确的翻译该是把government of the people, by the people, for the people中of the people的意思，与紧接而来的by the people，for the people做主宾用意的分开，林肯的原始观念显然是为人民服务的（for the people）、被人民选出的（by the people）、治理人民的（of the people）政府，其中of the people固无“民有”的意味，for the people也无“民享”的意味，只是by the people有一点“民治”的意味，但此一“民治”，却又是狭义的特指民选而言。林语堂《当代汉英词典》民治条下说government by the people, now usu. called民主②，林肯的原意却明明是民主的运作——民选的结果。林肯在1861年7月1日到4日之间的言论，在在都显示了林肯相信民主政治，但却是经人民选出的反过来治理人民的。林肯这种原始观念，只是杰斐逊以来的美国人的老观念，林肯的伟大显然日后被神化了、美化了，其实他有着很可怕的自我矛盾与分裂：理查·霍夫施塔特（Richard Hofstadter）在《美国政治传统》（The American Political Tradition）中，已举证证明林肯有“一个职业政客在拉票时的行为”。他在内战时所做的违宪行为，也不在少③。林肯的民主气质，比起真正的伟大民主运动者来，显然还有距离。罗素（Bertrand Russell）说杰斐逊是“为人民，但本身并非人民一分子的民主主义者”（a democrat for the people, not of the people），林肯的出身，虽然比杰斐逊乡土得多，但他的政治哲学是否高明光大，却很可疑。
011.孙中山与林肯名言.txt	193	虽然如此，孙文为了宣传之便，最后，抛弃了他自己其他的中译，做了简明有余、明确不足的翻译。“民有”“民治”“民享”固不与林肯原义相当，“民族”“民权”“民生”也与“民有”“民治”“民享”并不贴切，至于后来说“自由”“平等”“博爱”又与“民有”“民治”“民享”无异了，乃至国民党进一步宣传说“情”“法”“理”就是“民族”“民权”“民生”了，“伦理”“民主”“科学”也是“民族”“民权”“民生”了。……层出不穷，其实全是附会、全是层层“文字障”而已，全部缺乏精确的含义。正因为如此，所以任何戏法都可凭国民党代而换之，任何词汇都可与其他词汇比而出之，任何情况都可拈出三个名词同而化之、统而战之，例如说“民生”即“民享”，此向美国人统战也；说“民生”即“博爱”，此向法国人统战也；说“民生”即“共产”，此向共产党统战也；说“民生”即“科学”，此向五四人士统战也。这样子统战结果，什么都是，也什么都不是。中文定义的一片混乱、国民党宣传的一片天马行空，也就全套在此了。
011.孙中山与林肯名言.txt	195	1939年，英国小说家阿伦（Michael Arlen），在他的名著《凌云记》（The Flying Duthman）里说：
011.孙中山与林肯名言.txt	203	①戴维斯（A. Powell Davies）说：“托马斯·库珀（Thomas Cooper）在1795年所提出的民主的定义是最扼要最简洁的一个：‘民有、民享的政府’。但根据这一定义，一个专制暴君也能宣称他的政府是民主的，这种事实也屡见不鲜。”（何欣译：《民主真诠》，《自由中国》第十一卷第十期）
011.孙中山与林肯名言.txt	207	③查理·毕尔德（Charles A. Beard）在他的《共和国》（The Republic）一书，以对话的手法，写林肯的违宪行为如下：
011.孙中山与林肯名言.txt	209	斯医生：那么林肯的批评家所指斥关于林肯的所谓违宪及高压手段，是怎么回事呢？
011.孙中山与林肯名言.txt	213	如果把林肯的所谓的违宪和高压措施统统加在一起乘上十；即便是为了辩论，说我们把对一切反对林肯的批评统统都接受了；尽管在许多违法措施是林肯自己事先一无所知，而是由许多政府文武官员以林肯政府的名义不法进行的，我们姑且把这笔总账都算在林肯一个人身上；尽管我们忘掉林肯曾经下令赦免了许多政治犯——例如普赖尔（Roger Pryor）曾因任职南方联邦被捕，而林肯迭次拒绝将普赖尔正法——和一再颁发大赦令；我们就算把一切所能想到的罪名都加在林肯头上，可是，这些所谓违宪和高压的手段的宪法问题还是值得辩论的。这个问题本身是相当复杂的。
011.孙中山与林肯名言.txt	215	④沈刚伯在《高中历史》中说美国：
011.孙中山与林肯名言.txt	219	他又在注里说：
011.孙中山与林肯名言.txt	221	《人权宣言》本由杰斐逊起草，他承认政治终极的主权在民，并主张政府应以谋人民的福利为其唯一职责；但他不承认未受过教育的人有参与政治的能力，更不愿那些无恒产的人有过问政治的资格。他心目中的国家只是民有、民享，而绝非民治，美国独立后五十年的政治便是如此。
011.孙中山与林肯名言.txt	225	沈刚伯这些话，显然不明白美国“民治”的真正情况与真正来龙去脉。他又把“民有”和“民享”扯进，混成鼎立而三的对等意思，殊不知是不能这样硬分而三的。这种硬分而三，凡是国民党和吃国民党奶水长大的，都会犯同一错误。我举费希平《民主主义与民本主义》一段话为例：
011.孙中山与林肯名言.txt	227	民主政治是今日最理想的政治制度，也是世界各国普遍实行的政治制度。什么是民主政治呢？美国林肯总统所下的定义最为正确，他说：Democracy means government of the people, by the people, for the people，译成中文就是：民主政治是民有、民治、民享的政治。所以，民主政治所涵盖的意义，可分三个层次加以说明：首先，我们应该知道，民主国家主权的归属。谈到这个问题，使我想起历史上两件不朽之文献，一件是美国的独立宣言，一件是法国的人权宣言，在这两个文献中，都认为国家的主权应该属于人民，具体地说，人民是国家的主人，政府为人民所有，这就是林肯所说的of the people。人民虽然有了主权，如果不能运用其主权来治理国家，主权就变成了空中楼阁，因此，由主权所引申出来的选举权和罢免权，就是林肯所说的by the people。人民有了选举权，当然要选为人民忠诚服务的、为人民谋福利的官吏与民意代表；人民若是发现他们所选出的官吏或民意代表，没有实践他们的诺言，人民可运用罢免权罢免之；所以，在一个实行民主政治的国家中，官吏与民意代表都在兢兢业业地为人民服务，人民才能享受幸福的生活，这就是林肯所说的for the people。总之，民主政治应该包括民有、民治、民享三种意义，缺少其中任何一个，就不能称为民主政治。（《深耕》杂志，1982年5月25日）
011.孙中山与林肯名言.txt	229	费希平错引林肯原文于先，又乱做解人于后，林肯有知，当暗笑九泉！中国俗话说：“无心雕做木居士，便有无穷求福人”，林肯的一句顺手拈来、“无心”说出的一段应景演说，竟可被国民党和吃国民党奶水长大的，年复一年，以长篇大论“阐发无剩义”，借以“求福”、借以欺尽苍生，真不能不说是今古奇观了！
011.孙中山与林肯名言.txt	231	⑤顾敦鍒《中国议会史》说：“美国总统林肯之言曰：‘德谟克拉西之政府，一民有、民治、民享之政府也。’民有为本然之事实，民享为最终之目的，在今日政治开明、学术进步、人权发展之时代，已为天下所公认，可以毋费讨论。唯民治一端，则重在方法。而方法本无一定，辄随情境而异，则大有研究之价值。”荆知仁《对宪法宪政的基本观念和认识》说：“林肯曾解释民主为民有、民治及民享。就此一解释的内容来分析，民有为前提，民治为方法，民享为目的。这三者之中，民有之前提，乃理论上的假设；民享的目的，乃古往今来，无分专制或民主，所共同追求的目标；民治之方法，却是贯彻民有前提，达成民享目标正当而有效的手段。极权和民主的真正分野，不在于民有的前提和民享的目的，而在于民治的方法。”（《成长的民主》）李声庭《没有自由如何民主》说：“民主的定义，最简单的莫过于美国林肯总统所说的：‘政府为民所有，政府为民所治，政府为民所享。’其中最重要的却是政府为民所治。”（《名人杂志》，1982年6月15日）
011.孙中山与林肯名言.txt	233	⑥对林肯演说提出疑义的，最早见于钱歌川先生的《英文疑难详解》，我写这篇疑义，是就钱先生的疑义，加以论证发挥的，基本的解释，是钱先生的，不是我的，特此声明。从文法学家的解释观点，自可对疑义加以疑义。例如over all the people的over，也可不做“在……上头”的解释而做“通由所有人民”或“在所有人民中”的另一种解释，而a government of the people中，government和the people自可视为从属关系等等。总之，我这篇疑义的主旨，在抛开文法上、修辞上的字面拘泥，而从林肯的政治思路上溯本探源，从而证明原义不是如文法解释观点那样简略的、平行的、望文生义的。我们这些饱受林肯演说移植中国以为宣传、以为政治广告下的受害人，实在不该轻信才好！
012.孙中山把三民主义作为“统战工具”.txt	5	殷海光死后，许多人都打着他的旗号，来“纪念”他，其实只是扭曲他而已。为什么？因为“纪念”一个人，你必须就这个人成熟时期、健康时期、神志清明时期的长时期均衡表现为准则，换句话说，你必须就这个人生命中最光彩的登峰造极来论定，一个人一生的变化，往往是很多的，不把握住这一登峰造极，反倒乱加“纪念”，那样就是扭曲。以闻一多为例，闻一多一生中最登峰造极的，是他抛弃了旧式文人的习性，转而从事对抗国民党暴政的战斗，以致被国民党暗杀，殉道而死。但他的“朋友”梁实秋写《谈闻一多》（1967年1月1日“传记文学社”出版），却酸酸的写了这些话：
012.孙中山把三民主义作为“统战工具”.txt	7	闻一多短短的一生，除了一死轰动中外，大抵是平静安定的，他过的是诗人与学者的生活，但是对日抗战的爆发对于他是一个转折点，他到了昆明之后似乎是变了一个人，于诗人学者之外，又成了当时一般时髦人士所谓的“斗士”。抗战军兴之后，一多一直在昆明，我一直在四川，不但未能有一次晤面，即往返书信也只有一次，那是他写信给我要我为他的弟弟家驷谋一教法文的职位。所以，闻一多如何成为“斗士”，如何斗，和谁斗，斗到何种程度，斗出什么名堂，我一概不知。
012.孙中山把三民主义作为“统战工具”.txt	11	最近有所谓“纪念”殷海光“学术座谈会”，就是全套梁实秋扭曲闻一多的翻版。这种“纪念”的特色，是小化、窄化殷海光批国民党的伟大成就面，而突出殷海光的学者面、中国文化面……这是很可耻的。
012.孙中山把三民主义作为“统战工具”.txt	13	殷海光早年投身在救国的急湍里，他的狂热和动辄“立正示敬”，十足是一个“法西斯分子”。他被国民党争取到，为国民党做文化打手，被共产党列为“十大文化战犯”之一。到台湾后，他勇于觉悟，把国民党的祸国殃民，批了个痛痛快快，这是殷海光一生中最登峰造极的，没有这些登峰造极，自然无所谓思想家殷海光、无所谓逻辑学者殷海光。所以，论定殷海光，必须就这一生命中最光彩的登峰造极来论定，否则就是别有用心了。
012.孙中山把三民主义作为“统战工具”.txt	15	可耻的是，所谓“纪念”殷海光“学术座谈会”里，我们完全看不到这种识其大者的“纪念”，对这种乡愿式的集会，我们真不能不说他们在扭曲死人、愧对生者了。
012.孙中山把三民主义作为“统战工具”.txt	17	为了反证这种“纪念”殷海光“学术座谈会”的扭曲，我现在以殷海光一篇旧作——《我对于三民主义的看法和建议》——为例，看看殷海光怎样在面对国民党，做一个入世的思想家。
012.孙中山把三民主义作为“统战工具”.txt	21	我在《自由中国》第二十二卷第十期发表的《给雷震先生的一封公开信》，在一个文明的民主国家，实在是平常得很。想不到这封信竟引起许许多多误解。误解的基本原因之一，是若干人士拒绝对我在信里所说的种种论点做理智的思考，而只把各人心中画好了的影像投射（project）到我身上去。这是一个值得研究的群众心理学的问题。关于这个问题，我认为应须让心理学专家去研究。我们现愿意在这里解释一下的，是我对于三民主义的看法，并且提出建议。
012.孙中山把三民主义作为“统战工具”.txt	23	第一，我在那封信里说“我的确也没有说半句恭维三民主义的话”。有些人士把这句话解释作“殷海光瞧不起三民主义”。这不知是什么推理方式！一般思想方式未经训练的人之思想常常被一些习惯性的格子所囿。例如，“不左即右”、“不白即黑”、“不是唯心就是唯物”、“不是穷人就是富人”……。我要插说一句，共产党就是靠利用这种错误的思想方式起家的。其实，世界的范畴和事物哪有这么简单！在白与黑之间有灰，在白与黑之外有红、橙、青、蓝、紫。在唯心与唯物之外的思想更多得很。在富人与穷人之间有许许多多级次。依此，我们怎么能够从“没有恭维”而推断是“瞧不起”？
012.孙中山把三民主义作为“统战工具”.txt	27	第二，我为什么在《胡适与国运》这个讲演里没有提到三民主义？这是有一番苦楚的。任何稍有常识的人都不难明了，在我们这里的空气，对于三民主义，像中世纪的教皇僧侣们对于宗教教义，或共产党徒对于马列主义是一类的。在这些统治之下的人们，对于这类教义或主义，只有“信服的自由”，没有“反对及批评的自由”。如其不然，便视同异教事件办理。从表面看来，这种动作是为了维护他们坚持的真理。但是，这种狂热的情形即令并非没有，也只在这类运动的初期；到了政权到手，这类教义或主义就变成从思想上维持统治的工具。这类工具最重要的一面是权威性；至于内容的真假对错根本是次要的事。因此，如果有人反对或批评教义或主义，那么就表示你敢于冒犯权威。冒犯权威就是从基本上动摇统治的象征。所以，在共产统治之下，“思想犯”是一个严重的罪行。我因既不愿被目为异端，又不愿说“违心之论”。所以在那次讲演中保持了缄默，没有提到三民主义。可是，当时有一位学生问到头上来了，我因为不愿对青年说敷衍话，所以说三民主义的内容“十分糅杂”。
012.孙中山把三民主义作为“统战工具”.txt	39	我们看孙先生所作三民主义序文，可知他自己并没有像他的信徒那样，把三民主义当作天经地义的意思。而且，就我们从前一辈人所述孙先生的行谊中，得知他很喜欢和青年诘难辩论。如果当初孙先生对于三民主义采取像现在一部分国民党人士这种专横武断的态度，那么三民主义何能在无武装保护之下爬起来？何能畅行天下？杜威说：“民主必须每代更新。”大家奉行的政治思想，哪里是动都不能动的列祖列宗相传的《朱子家训》？三民主义是四十年前的产品。这四十年来，世界进步得太快了，中国人的知识也有些进步。如果要它跟上时代，永远常新，并且使青年们读起来真正从内心发生兴趣，那么必须来一次改造。改造的工作，必须从吸收现代心理学、拉斯威尔政治学、波柏的社会思想评导、文化人类学等等着手。这种工作是一件比石门水库还要巨大的工程。这样巨大的工程，绝非一个人所能进行，而必须成立一个机构，网罗这些方面的人才以从事。国民党内至今还是有些聪明才智饱学之士。像陶希圣先生这样的人就可主持其事，期以三年有成。那时三民主义可以一崭新的面目与大家相见，在中国政治思想上重放异彩。
012.孙中山把三民主义作为“统战工具”.txt	41	殷海光这篇《我对于三民主义的看法和建议》，原登在1960年6月16日《自由中国》里。这篇文章是因殷海光一个月前写《给雷震先生的一封公开信》（《自由中国》，1960年5月16日）引起。在这封公开信中，殷海光有这样一段话：
012.孙中山把三民主义作为“统战工具”.txt	43	我在台湾大学任教，算来有十一个年头了。我教的科目，不是政治，也不是历史，而是逻辑、罗素哲学、解析哲学、理论语意学这类东西。我在这十一年里，偶尔为学生办的刊物写点文章，也有时被学生请去讲演。这些工作，是任何教师分内的工作。只要有学生请，教师们是没有正当理由拒绝的。我的写作和讲演在从前也没有出过什么“问题”。可是，自从1958年12月15日我讲演《胡适与国运》以后，“问题”就来了。这一天下午7点钟，我在校本部开讲，由于题目很有吸引力——我不认为我自己有什么吸引力，当时连走廊上和窗户上都爬满了青年。我讲演的内容大致与在《自由中国》第二卷第九期所发表的相同。在这篇讲演中，我提到对于中国现代思想最有影响的人物时，只列举了康有为、梁启超、陈独秀和胡适之四位先生，而没有列举别的人物。我这样做系基于我自己所做的种种考虑。我的这些考虑对不对，有而且只有就学术思想的观点去衡量才可。讲演完毕以后，照例由学生提出问题。有一位学生问：“殷教授认为三民主义怎样？”我当时答复说：“三民主义系四十年前的政治统战工具。它是为了迎合当时复杂的政治思想而设计的，所以也就十分糅杂。”我的确没有在这篇讲演中恭维某党人士硬要天下人恭维的偶像；我的确也没有说半句恭维三民主义的话。除了当作压制思想的权威以外，我想不出任何理由必须把任何人的话捧若圣经，更何况那些几十年前的方便说法！大概这招致了某党人士极度的不满。自此以后呢？每逢有学生请我讲演，不是因训导处同仁说“教室不够”，便是说“题目不行”，而给打消掉了。对我而言，反正这类事件平常得很，懒得去记忆。世道衰微如此，有什么可说的呢？
012.孙中山把三民主义作为“统战工具”.txt	45	看了这段来龙去脉，我们不难发现，殷海光在写过千千万万批国民党的杰作以后、在《自由中国》封门的前夜，最后奋其一击，以他思想家的透视力，在国民党所倚恃的圣经头上，尝试去点破真相、尝试去动土。显然的，殷海光为了这—点破真相与动土，很快的失掉了演说的自由、失掉了《自由中国》。如今我们追念这段往事，应该注意到当时自由民主人士的那股双轨作业——一轨是用新党对抗国民党、一轨是用新解说剥开国民党的圣经。也许当时他们这样做，不全是自觉的，但他们在“文字收功”多年以后，最后升级到这种双轨作业，却是一种不得不然的发展。虽然他们立论的纯度，不无可疑；组党的品类，容有可议，但是他们毕竟百尺竿头，没有停止的向前走了。他们在竿头翻落，求仁得仁，这种勇于殉道的精神，比起扭曲他们以为“纪念”的伪君子们来，真是伟大得无与伦比了！
012.孙中山把三民主义作为“统战工具”.txt	49	〔附记〕殷海光的历史训练和资料训练很差，所以他无法从孙文的著作中举证，这是他立论的大缺点。孙文在1919年写《文言本三民主义》，在民生主义部分，尚没提到“民生主义就是社会主义，又名共产主义，即是大同主义”的话，这些话是1924年《演讲本三民主义》增加的，而那时正是国民党共产党哥俩好的时代！三民主义的统战性质，在此可得佐证！（1984年8月9日）
013.孙中山的第二兴趣是“女人”.txt	5	国民党党营书店正中书局出版了一册《宫崎滔天论孙中山与黄兴》，第三十页中明载孙中山答复犬养毅的话，说他生平的第一兴趣是“革命”，第二兴趣是“女人”，第三兴趣是“书”。可见国民党党营书店对孙中山喜欢女人的事，尚予以梓行问世，当然，这极可能是国民党的一项疏忽。
013.孙中山的第二兴趣是“女人”.txt	7	孙中山不掩饰他对“女人”的兴趣，显示了他至性的一面。他一直把第一兴趣“革命”和第二兴趣“女人”兼顾，在他早年革命中的陈夫人（陈粹芬），是革命党兼女人；在他晚年革命中的宋夫人（宋庆龄），是女人兼革命党。虽然，这种一贯作业，有时并不为人所赞同。陆丹林《革命史谭》中有这样的故事：
014.孙中山与陈粹芬.txt	5	孙文在《革命缘起》中回忆他和日本宫崎兄弟的来往经过，认为是革命党人与日本人士相交之始。宫崎兄弟有八人，跟孙文友好者有宫崎民藏、宫崎弥藏、宫崎寅藏（白浪滔天）。宫崎寅藏在《孙逸仙其仁如天》（陈鹏仁译著《宫崎滔天论孙中山与黄兴》）里曾记录一个故事：“有一天犬养毅问孙先生说：‘您最喜欢的是什么？’孙先生毫无犹豫地答说“revolution”（革命）。‘您喜欢 革命，这是谁都知道的，除此而外，您最喜欢什么？’孙先生边看犬养毅夫人，边笑而不答。犬养毅再催问说：‘答答看吧。’孙先生答说：‘woman’（女人）。犬养拍着手说：‘很好’，并问：‘再其次呢？’‘book’（书）。‘这是很老实的说法，我以为您最喜欢的是看书，结果您却把女人排在看书前面。这是很有意思的。不过喜欢女人的并不只是您！’犬养毅哈哈大笑，并佩服孙先生说道：‘您这样忍耐对于女人的爱好而拼命看书，实在了不起。’”刘成禺《先总理旧德录》中说孙文对伊藤博文自吟“醉枕妇人膝，手握天下权”，“甚以其风度为然。”足见孙文对女人，有他坦白的看法。
014.孙中山与陈粹芬.txt	15	1936年3月20日，《逸经》第二期登冯自由《革命逸史》四则，在第四则《孙中山之嗜好》中，有这样一段：
014.孙中山与陈粹芬.txt	19	这里提到的“陈四姑”，就是陈夫人。九年以后（1945），冯自由出版《革命逸史》第三集，书前请刘成禺题词，刘成禺写《奉题冯自由兄革命逸史三集并自题七十自传暨先总理旧德录》十首，在第八首中有这样的诗：“望门投宿宅能之，亡命何曾见细儿。只有香菱贤国妪，能飘白发说微时。”冯自由在后面加按语，说：“禺生诗中所述掌故。皆民国前八九年革命轶事。舍余二人外。无人知其详。”“横滨日本邮船会社华经理张果字能之。与总理有通家之好。陈夫人瑞芬原名香菱。曾寄居张宅一年。总理居日本及越南南洋时。陈夫人恒为往来同志洗衣供食。辛勤备至。同志咸称其贤。”老革命党冯自由在此明说“陈夫人”，可见孙文在卢夫人后，又结婚了①。
014.孙中山与陈粹芬.txt	23	刘成禺写陈夫人“能飘白发说微时”的诗，是1943年。四年以后（1947），他真的印证这一“能飘白发说微时”的图画了。他写《翠亨村获得珍贵史料》（《世载堂杂忆》），有这样几段：
014.孙中山与陈粹芬.txt	29	予四年前在重庆，题冯自由革命逸史三集，述及陈粹芬老太太，冯自由且为之注。抗战以来，粹芬老太太先居澳门，后由孙乾供养，今年高龄七十五矣。闻予至中山石岐，喜曰：刘某予四十余年未见面，今尚在人间耶？予抵石岐，即往晋谒，述当年亡命情形。粹芬老太太慨然曰：我未做饭与汝等吃，已四十八年矣。今日重逢，下午请吃饭。于是大备盛筵，亲送孙陈粹芬红帖曰：不似在横滨街头买菜，而今请吃饭也有格式了。
014.孙中山与陈粹芬.txt	31	午后前往，粹芬老太太已在门首欢迎曰：我辈五十年来，各人都在，回忆当年亡命受苦，直一大梦耳，不可不留一纪念。于是宾主共摄一影入座。老太太畅谈经过身世，甚多珍贵史料，足供搜采也。
014.孙中山与陈粹芬.txt	33	陈老太太为言革命时期惠州之役。香港李纪堂、梁慕光等商议在惠州起事，军械皆由海员公会海员秘密输运，经日本邮船与美国、高丽等邮船运来者最多，以横滨为居中策应，视情势如何，在横滨定行止。陈老太太任来往船只起落密件之责，故横滨邮船一到，老太太即往接船，以港方确实消息，转告密运枪械之海员。日本因妇女上下，毫未注意。及事败，梁慕光来横滨，盛称陈老太太英勇不已。老太太曰：我当时传递书简，并不害怕，大家拼命做去，总有办法。
014.孙中山与陈粹芬.txt	41	刘成禺回忆这一久别重逢，真是场面感人。李又宁在《一位被遗忘的革命女性——陈粹芬》（1981年10月《传记文学》第三十九卷第四期）里说：
014.孙中山与陈粹芬.txt	49	宫崎寅藏的夫人宫崎槌子在《我对辛亥革命的回忆》（陈鹏仁译著《宫崎滔天论孙中山与黄兴》）里，有一段描写陈夫人，她说宫崎民藏：
014.孙中山与陈粹芬.txt	51	睁大眼睛回叙昨天晚上的事，边称赞那位中国革命妇人，边鼓励我说：“在照顾孙先生日常生活的那位中国妇女同志，真是个女杰。她那用长筷子，张着很大的眼睛，像男人在吃饭的样子，革命家的女性只有这样才能担当大事。你看她声音之大。你应该向她看齐才对。”
014.孙中山与陈粹芬.txt	53	这样一位有助于中国革命的“女杰”，在革命成功以后，开始被“出局”了，她由孙文的侄子孙乾奉养，住在中山县的石岐；一如卢夫人由女婿戴恩赛奉养，住在澳门③。孙文又有了新夫人——宋夫人。吴相湘《孙逸仙先生传》说：
014.孙中山与陈粹芬.txt	55	民国三年春，卢夫人曾赴日本。据她答香山县商会函有云：“先伯（德彰大哥）离世后，电召氏（卢自称）往日本，商配宋氏之婚。后氏回澳住居，得常往教堂聆主之救世大道。”这就是卢夫人明大义，同意分居。自居澳门。但孙科及二女仍奉养一切；孙先生就不致重婚。
014.孙中山与陈粹芬.txt	57	吴相湘说“同意分居”，又说“不致重婚”的话，显然是含糊其辞的。事实上，孙文与宋庆龄在1915年在日本结婚的时候，卢夫人还是卢夫人，而在孙宋婚约上第一条，也只是尽速办理符合中国法律的正式婚姻手续而已。
014.孙中山与陈粹芬.txt	61	这月17日，美联社东京电讯说：
014.孙中山与陈粹芬.txt	79	这位东洋夫人的名字叫大月熏，她在1970年12月死去。她死以前，曾留下录音带和口述记录，据18日的《读卖新闻》，大月熏的父亲原是和中国有贸易往来的商人，孙文因藏匿在大月熏家里而与大月熏相识相爱；四年后孙文向大月熏求婚，并举行婚礼，当时大月熏还只是横滨高中女中的学生，年仅十五岁。宫川富美子生于明治三十九年五月，富美子的名字中“富美”的另一个汉字写法是“文”字，这是仿效孙文的“文”所取同音字。宫川富美子生下后，立刻被送去做养女，她自己则是在昭和三十年从当时住栃木县的生母大月熏那儿知道真正的身世。这段秘密之所以被久保田教授证实，是他于神户华侨历史博物馆等地继续研究时发现，录音带出现的一个人名“温炳臣”，温炳臣这个名字，只有研究中国近代史的专家才知道，温炳臣是孙文的同志，而且是少数清楚孙文在横滨所有行止的人。录音带既出现这样一个鲜为人知的名字，足见大月熏与孙文有关连是可以追查的。
014.孙中山与陈粹芬.txt	81	《读卖新闻》提到的“温炳臣”，据我所知，炳臣是字，此人名温芬，广东南海人，在横滨一家洋行做事。孙文住在横滨时，他常在寓所担任招待。辛亥革命后，改做煤炭生意。他是老兴中会会员，他的叔叔温遇贵，做洋行买办，也是会员，后来脱离了。温芬直到抗战发生时，还在横滨，当时已是仅存的两位会员（另一位是黄焯文）之一了，后来黄焯文回国了，他却老死他乡。大月熏录音带中出现这一“鲜为人知的名字”，足见此一樱花夫人，不是空穴来风的。
014.孙中山与陈粹芬.txt	83	《读卖新闻》又说，现年七十六岁满头银发的宫川富美子，目前和儿子媳妇一同住在横滨市西区南浅间町32之10号，闲居在家。她在17日晚间，接受《读卖新闻》记者访问说：“我从母亲那儿知道自己是孙文先生的女儿，但因为顾虑到孙文家族的立场，因此没有公开。”
014.孙中山与陈粹芬.txt	89	①据刘成禺《世载堂诗待删稿》，冯自由原注为“横滨华侨邮船会社经理香山张能之，亦名仁之，与先总理有通家之好，亡命食宿，均主张宅。总理眷属陈夫人瑞芬，原名香菱，亦曾寄寓张家。陈夫人居日本、越南、新加坡，恒为来往同志洗衣供食，异常辛勤，总理大得其助。”
014.孙中山与陈粹芬.txt	91	②原注：1906年前后，池亨吉曾追随孙中山先生到南洋参加中国革命工作，担任英文秘书任务，并曾参加镇南关之役，著有《支那革命实见记》一文，当时在日本报纸发表，文内提到的孙夫人，就是陈粹芬。“肃然的参谋本部，忽然就变为繁忙的事务室了……各事各人，不遗余力地进行。就中孙氏的夫人，就自己担当印刷檄文，非常忙碌。”（上海三民书局出版的中译本，第13页）又说：“12月3日，午前4时，大家会集于食堂，共斟离别酒。孙氏的夫人虽是很刚毅的广东妇人，但也不堪别凤离凰之悲。后来，我们一启程，她的眼边人情也表露出来了。”（第36-37页）此中译本，有乐炳嗣写的序。乐将陈粹芬误为卢夫人。其实，卢夫人当时在檀香山。
015.《乱党之真相》中的孙中山.txt	1	《乱党之真相》中的孙中山
015.《乱党之真相》中的孙中山.txt	3	史家汪荣祖来信，说“党（敖按：指国民党也）祸之恶，兄揭露最多，然祸来有自，始作俑者，亦非上品，其间虽无且（敖按：指生殖器也）之关系，师徒相承，其迹可寻。孙黄（敖按：指孙中山黄克强）在太炎（敖按：指章太炎）笔下，亦恶少耳！”重读这段话，使我想起几十年前出版的《乱党之真相》一书。书中记孙中山，颇有奇闻：
015.《乱党之真相》中的孙中山.txt	7	据罗香林《国父之大学时代》与简又文《国民革命文献丛录》，孙中山毕业执照内载中英两国文字，中文部分明说他“于内外妇婴诸科，俱皆通晓”，可见孙中山能治妇人病，不为无据。《国父年谱》（增订本）只提孙中山在1892年在澳门行医的事，但照《乱党之真相》所说，他去澳门，乃因在香港与人家的姨太太私通事发，怕被逮捕的缘故。
015.《乱党之真相》中的孙中山.txt	9	《乱党之真相》又说：
015.《乱党之真相》中的孙中山.txt	13	据《国父全集》所载“揭本生息赠药单”（1892年12月18日），明说立领揭银人孙逸仙：缘逸仙订议在澳门大街开创中西药店一间，需银寄办西国药材，今托吴节薇兄担保，揭到镜湖医术药局本银贰千大元，兑重一千四百四十两正。言明每百元每月行息一元算其息，仍托逸仙代办西药赠送，逸仙自愿赠医，不受谢步。此本限用五年为期，到期如数清还，或过期不测，无力垫还，担保人吴节薇兄自愿填足，无得异论。欲后有凭，立明领揭银单一纸，当众签名，担保人亦的笔签名，交与镜湖医院药局收执存据。……”足见说他与镜湖医院有财务关系，不为无据。《国父年谱》正文只提孙中山在1893年春天迁到广州，《伦敦蒙难记》则自道迁广州的原因是被澳门葡萄牙人迫害，“资本损失不少，乃即迁至广州。”却绝口不提盗用公款潜逃。但在澳门立“掲本生息赠药单”已是1892年12月，第二年春天就迁广州，毋乃迁得太促？《国父年谱》中说他“在澳门行医数月”是不对的，因为春天就迁到广州了，何来“数月”？
015.《乱党之真相》中的孙中山.txt	15	《乱党之真相》又说：
015.《乱党之真相》中的孙中山.txt	17	孙文初至日本，娶一日妇，姓曰中山，孙文欲购日公司股票，乃假名中山樵，自是日人称为中山。有粤人陈某者，至横滨，晤孙文，问曰：“君名中山乎？”文曰：“姓也。”陈曰：“中国无此姓。”文曰：“所娶日妇姓也。”陈大笑曰：“妻嫁从夫，今君既娶，从妇乎？”闻者皆笑。然孙文在日，仍以中山自名。
015.《乱党之真相》中的孙中山.txt	19	据《国父年谱》就“孙总理年谱长编初稿”及贝华《中国革命史》的说法，1897年九月孙中山在日本，“应宫崎、平山、可儿三人之请，即去东京牛込区马场下町访犬养毅，把臂倾谈，意气弥洽。犬养旋命平山周伴先生觅居处，途过日比谷公园附近中山侯爵邸前，乃投宿对鹤馆旅店，店主出旅客簿请署名，平山联想中山侯爵之邸标，因信笔代书姓‘中山’，先生旋奋笔续书名‘樵’，谓即‘中国山樵’之意，藉掩人耳目。中山之称自此始。”却绝口不提因讨日本老婆而姓中山的事。
015.《乱党之真相》中的孙中山.txt	21	《乱党之真相》又说：
015.《乱党之真相》中的孙中山.txt	25	据1936年3月20日《逸经》第二期登冯自由《革命逸史》，明说孙中山与“陈四姑”玩广东天九牌的事。“陈四姑”就是陈夫人。九年以后（1945年），冯自由出版《革命逸史》第三集，书前请刘成禺题词，刘成禺写“奉题冯自由兄革命逸史三集并自题七十自传曁先总理旧德录”十首，在第八首中有这样的诗：“望门投宿宅能之，亡命何曾见细儿。只有香菱贤国妪，能飘白发说微时。”冯自由在后面加按语，说：“禺生诗中所述掌故。皆民国前八九年革命轶事。舍余二人外。无人知其详。”“横滨日本邮船会社华经理张果字能之。与总理有通家之好。陈夫人瑞芬原名香菱。曾寄居张宅一年。总理居日本及越南南洋时。陈夫人恒为往来同志洗衣供食。辛勤备至。同志咸称其贤。”到了1947年，刘成禺写《世载堂杂忆》，又提到他重逢陈夫人的事。宫崎寅藏的夫人宫崎槌子在《我对辛亥革命的回忆》（陈鹏仁译著《宫崎滔天论孙中山与黄兴》）里，有一段描写陈夫人，她说宫崎民藏“睁大眼睛回叙昨天晚上的事，边称赞那位中国革命妇人，边鼓励我说：‘在照顾孙先生日常生活的那位中国妇女同志，真是个女杰。她那用长筷子，张着很大的眼睛，像男人在吃饭的样子，革命家的女性只有这样才能担当大事。你看她声音之大。你应该向她看齐才对。’”《乱党之真相》提到的孙中山所携“广东少妇”，当是指陈夫人而言。
015.《乱党之真相》中的孙中山.txt	27	《乱党之真相》又说：
015.《乱党之真相》中的孙中山.txt	31	孙文在南京时，姬妾踵至，且广诱女学生入内。章炳麟诗曰：“且欲进寻罗女士，陶然共醉白兰杯。”
015.《乱党之真相》中的孙中山.txt	33	又说：
015.《乱党之真相》中的孙中山.txt	37	据孟天祯《从政前之孔庸之先生》，明说：“对于国父所从事的革命大业，宋耀如和他的子女自始即予热烈支持。民国元年国父膺选中华民国第一任临时大总统，宋耀如和他的长女蔼龄、次女庆龄，都在大总统府参与密勿，而为幕府之助。……”“后来袁世凯畀国父以‘全国铁路督办’一席，国父谢之，他自行创办铁路公司于上海九江路，以留德的工科博士马君武为秘书长，法学家王宠惠、徐谦为机要秘书，宋耀如担任会计，宋蔼龄主持外事。癸丑二次革命失败，国父东渡台湾，北上日本，宋蔼龄便担任国父的英文秘书，所有国父在民国二、三年间的重要英文函牍、往来文电，大都出于宋蔼龄的手笔。……”“她处事的明快，目光的远大，在在都使孔祥熙衷心佩服，终于他们了解日深，感情与日俱增，民国三年，孔祥熙三十五岁，他在东京与宋蔼龄举行婚礼，缔结了使他终生幸福的美满姻缘。”“正由于孔祥熙和宋蔼龄的结合，使宋蔼龄不得不辞卸国父的英文秘书一职，于是国父便少了一位重要的得力助手，因而乃由宋蔼龄的二妹庆龄递补遗缺。11月25日，国父与宋庆龄也在东京结婚。自此，孔祥熙成为国父的连襟。”
015.《乱党之真相》中的孙中山.txt	39	关于《乱党之真相》所说孙中山与宋家姐妹及宋嘉树的事，史特林·席格雷夫（Sterling Seagrave）《宋家王朝》（The Soong Dynasty）第六章中有这么几段：
015.《乱党之真相》中的孙中山.txt	43	“你最好把那种欲望升华，”唐纳说：“你已经是有妇之夫了。”
015.《乱党之真相》中的孙中山.txt	59	“我要你走，逸仙，”宋嘉树说：“我要你走，我再也不要你回来。我的门永远为你关上了。”
015.《乱党之真相》中的孙中山.txt	79	后来，宋嘉树被毒死了。席格雷夫写道：
015.《乱党之真相》中的孙中山.txt	87	席格雷夫显然不知道《乱党之真相》所说孙中山“冒然宣布宋嘉树以死刑”的事，但他知道宋嘉树最后死得不明不白。孙中山是不是派人“制裁”了宋嘉树，文献无征，但是若有死刑的宣布，则希旨承风的手下乱干一票，也就毫不希奇了！
《孙中山研究》自序.txt	1	《孙中山研究》自序
《孙中山研究》自序.txt	5	换句话说，优秀的历史家是真正的最后审判者，——上帝嘛，请靠边站！最后审判孙中山，不是一件容易的事。因为这位中国国民党的总理，生前死后，都被政治迷雾包装着，使真面目难以显现，直到死后几十年的今天，他仍是被海峡两岸政治尸布争相缠裹的木乃伊，这可真教人看不惯！凭着优秀的历史家的本领，我终于解开尸布，把真正孙中山的功过，加以论定。这种论定，从1965年我推出《孙逸仙和中国西化医学》，到1987年我出版《孙中山研究》，都是一个主线。主线是求真，方法是从干尸里把孙中山开棺论定。
《孙中山研究》自序.txt	7	孙中山一生的大成功是推翻中国帝制，一生的大失败是自己夺权不择手段，甚至一再勾结帝国主义而不惜。西太后明与八国联军为敌，固属离奇；孙中山私通日、英、德、俄等国为友，也未尝不荒谬，孙中山既是爱国者，又是卖国者，爱国爱到以卖国为手段，这种荒谬，也真是青史罕见！至于他搞出三民主义等讨厌透顶的“遗教”来闭门造车、提拔蒋介石等等而下之的“同志”来开门揖盗，则更属荒谬之外者。这本《孙中山研究》，特就孙中山一生的荒谬处多加笔墨、以启苍生。海峡两岸读是书而不窃笑于中山陵者，非人也！
