file	line	context
001.独裁中的民主.txt	3	19世纪英国的工业革命（Industrial Revolution），根本上引起了世界经济与社会的改变。工业革命后，兴起了许多有钱的资本家，他们是所谓中产阶级。他们在有钱以后，要取得“权势”，所以努力争取政治上的保障和地位，因而开了近代西方自由民主政治的先河。
002.文警论及附件.txt	9	今日的中国，严格的说，没有所谓纯粹的“文人”，纯粹的文人早就饿死了，不饿死的也早就改行摆香烟摊了。今日中国舞文弄墨的一群，除李敖之流清高的一类外，大抵可分两类：
002.文警论及附件.txt	15	所谓“文丐”，是一群新风花雪月忧愁哀怨的无病呻吟者，用狗屁的词汇与思路，整天写他们逃避现实的乞丐文。所谓乞丐，是向文字讨饭吃、用文字混饭吃、借文字发泄不值得发泄的情绪。他们满纸黑暗呀痛苦呀，其实他们根本不知道人间真正的黑暗与痛苦是怎么一回子事。他们只是在做“文字自淫”和“文字轮回”罢了。在这种“文丐”以外，另一类的无聊分子就是所谓“文警”。“文警”，顾名思义...
002.文警论及附件.txt	21	近代“文警”的制度，最早来自共产党。共产党的残忍、迫害文人、严格的文字检查，与清一色的围剿手段，是他们“文警”制度的主要特质。这种特质的一次突出表现，可以死前的鲁迅为例：
002.文警论及附件.txt	23	在民国四十七年，胡适跟我讲了一个故事。他说鲁迅在左翼“文警”的围剿下，本已“转向输诚”，“向左靠拢”，可是共产党却在利用他之余，仍不饶他，仍要整他。当时控制他的“文警”总监是周扬，周扬对鲁迅的“鞭策”，可谓残忍已极。鲁迅在晚年曾写给胡风一封信，说他自己好像是一个奴隶，工作得愈紧，背后挨的鞭子却愈多！
002.文警论及附件.txt	29	读过《孔雀东南飞》古诗的人，必然可以想起那种“婆婆心理”——“吾意久怀忿，汝岂得自由”！在婆婆眼中，没有不遭嫉妒的媳妇；在老妓眼中，没有清白无邪的少女；在共产党式猜忌性格的眼光中，没有忠良之士不“思想有问题”、不“卖国”。这就是今天的世界，——一个令忠良气短的世界！
002.文警论及附件.txt	33	中国古代被迫害的诗人说：“本是同根生，相煎何太急？”在大敌当前，“相煎”“同根”的拿笔杆战士，其举动之不智，已不需要我们多说；也许文字警察们会狡辩：“你我不是同根，尔为尔，我为我。”如此断绝关系，我们也欣然同意。但是我们不要忘记，在大敌当前的时候，当那个大敌是北洋军阀的时候，即使老毛子共产党，有过光荣历史的一个党都曾跟他们合作过、“联俄容共”过，何况是今天反...
002.文警论及附件.txt	35	别傻瓜啦，“文警”们！我们早就领教你们比“武警”还厉害，世界上也早就知道穿长衫的比拿枪杆的害人还害得多，你们别再以为别人看不出来你们这一套，或者不肯指出来你们这一套。只要我李敖没埋骨玉山以前，你们再耍这一套，休想我饶过。“今之祢衡”在此，做曹操、做刘表，还是做黄祖，任凭你们选择。傻瓜们，来，选选吧！
002.文警论及附件.txt	51	我辈生当乱世，或如庾信所言：“爰客逃难，求食而已”；或如范仲淹所言：“宁鸣而死，不默而生。”二者何择，实难忖度。但对我来说，实已无处后退、无地可避（此David Bradley所谓的No Place to Hide），最后只好白刃相见，大家看好戏也。
002.文警论及附件.txt	71	我记得唐朝时候张九龄被权相李林甫威胁，张九龄写了两句诗是——
002.文警论及附件.txt	77	言外之意，已说得明明白白。“文警”们大可聪明一点。清朝初年，顾亭林曾被逼得说出“刀绳俱在，无速我死”的沉痛言词，“文警”们又何必太性急？我李敖如时运不济，早晚死在他们手里，让老子多活几年，岂不也好，又何必咄咄逼人，早累“浊”望？
003.张宗昌，我梦到了你！.txt	9	另一个可能成为圣人的我，也“夫子步亦步，夫子趋亦趋”的，开始“夫子梦亦梦”。在我梦寐以求的结果，在闺秀派所谓迷茫的境界中，终于，远远的，一对眼睛出现了。
003.张宗昌，我梦到了你！.txt	25	张宗昌气得晚上去看戏解闷，戏台上，忽然传下了黑头的道白，那是专制时代台词的一段——
003.张宗昌，我梦到了你！.txt	33	张宗昌猛然从椅子上跳了起来，大叫道：“他妈的真气人呀！杀《文月》，本来要偷偷摸摸的，叫它吃哑巴亏，不许它流血。可是它却用了巧计，到底流了一次血给老子看、给全中国人看、给全世界人看、给历史之神看。这下子，真使老子划不来、划不来、划不来。老子此后，自当细心害它，不可再大意也！李敖小子，看你横行到几时，大家走着瞧罢！”
003.张宗昌，我梦到了你！.txt	35	在闺秀派所谓迷茫的境界中，终于，慢慢的，一对眼睛消逝了。梦醒时分，我浑身冷汗，赶忙爬起来。摸摸脖子，确定脑袋还连着，不禁举手高呼：“乖乖！幸亏是一场噩梦！幸亏是活在自由中国！幸亏碰到的是陈大庆的警备司令部而不是张宗昌的公安局！否则的话，连我发表这篇《张宗昌，我梦到了你！》的自由，也没有了！”
004.开玩笑的自由.txt	3	现代人所争的自由，像“身体自由”“居住自由”“迁徙自由”“信教自由”“财产自由”“工作自由”“契约自由”“集会自由”“结社自由”“秘密通信自由”，以至“言论、讲学、著作及出版自由”等等，都可叫做“义正词严的自由”，它们的争来，都经过多少血泪，——在统治者死不愿给、被统治者拼命想要的拉锯下，血泪交流，才算进进出出。所以，这些自由，都有点大悲调，都无喜剧成分可言...
004.开玩笑的自由.txt	5	另一种自由，却完全不一样，这种自由，可把它叫做“开玩笑的自由”。开玩笑的自由是：统治者和被统治者间，在吹胡子瞪眼之余，居然可以友化敌意，松弛紧张，大家不妨逗乐一番。逗乐，并不妨碍真理方面的“义正”，但在“词严”的态度上，却可轻松一点、“词不严”一点，不必那么剑拔弩张。所以，这种自由，可叫做“义正词不严的自由”。
004.开玩笑的自由.txt	25	清高宗（乾隆）是高高在上的皇帝，他对大学者杭世骏不满意，把杭世骏赶走。乾隆下江南的时候，各路人马都跑来朝拜，杭世骏也夹在其中。乾隆问杭世骏：“我把你赶走了，你靠什么吃饭？干些什么？”杭世骏说：“臣世骏开旧货摊。”乾隆问：“何谓开旧货摊？”杭世骏说：“收购破铜烂铁，摊在地上卖，就是开旧货摊。”乾隆听了，大笑起来，拿起毛笔，写了“买卖破铜烂铁”六个大字，送给了杭...
004.开玩笑的自由.txt	29	这两个由上面朝下面开玩笑的故事，我认为在不正经之中，都蕴含了人际关系的一种解冻，这种解冻——人情练达的解冻，是被统治者争取自由的真正安全瓣，其他的所谓安全瓣，都是假的。
006.流血的自由.txt	3	中国的俗话说：“杀人不见血”，这是一句很惊心动魄的话。所谓“杀人不见血”，有两层意义，两层都是有利于“杀人者”的：
006.流血的自由.txt	9	十四年前，我改写过一首诗，全文如下：
006.流血的自由.txt	11	不准“慷慨歌燕市”，
006.流血的自由.txt	19	诗中括号里头的文字，大家都知道是汪精卫谋刺摄政王不成，在清朝牢里作的。当时汪精卫所处的是一个旧时代，在旧时代中“造反”也好、“起义”也罢、“革命”也行，不管你干什么，只要你不成功被逮到，大概都难逃一死。在挨刀以前，抗节不屈的人，往往可以得到英雄式的招待和烈士式的满足，他在“从容作楚囚”以后，“绑赴法场”，还可以意气扬扬，“慷慨歌燕市”一番，他可以高喊口号，做...
006.流血的自由.txt	23	旧时代的好汉们为理想奋斗，他们深刻了解“千古艰难唯一死”的哲学。奋斗失败了，他们甚至甘愿用“一死”来代替逃亡，代替徐图再起或卷土重来。戊戌政变时候的谭嗣同，就是具有这种信仰的典型。当时日本志士们劝他离开北京，他却不肯，他竟说：“各国变法无不从流血而成，今日中国未闻有因变法而流血者，此国之所以不昌也！有之，请自嗣同始！”——可怜的谭嗣同，他竟认为午门溅血，是变...
006.流血的自由.txt	29	所谓“流血的自由”，广义的说，是脖子挨刀的人们，最后表白一下真我的自由，他们以命偿名，临终以死明志，消极说来，也不失为一种抗议——一种悲壮的抗议，一种看似无用却影响深远的抗议。旧式的大权在握者，基于“示众”“阴德”等复杂心理，对“待死之囚”，总还给他一个“慷慨过市”的机会。换句话说，“待死之囚”最后想得到一个英雄式的烈士结局，他可以被允许得到。从另一个角度说...
006.流血的自由.txt	31	在20世纪的20年代里，革命的浪潮已淘汰了许多旧式统治者，而代之以新式的“王君”。新式统治者，于“杀”人一道，当然也推陈出新，有他聪明的新花样。新式统治者对他想要“杀”掉的人，永远是以神不知鬼不觉的除去为上策，所谓“暗中干掉”是也！但这种“暗中干掉”的方式，只能施之于无名小卒，对薄有微名的异己，就不好向全国人和全世界人交代。于是在“暗中干掉”无名小卒外，不得...
006.流血的自由.txt	37	斯大林最“精采”的杀人表演，是一九三六年开始的三幕“大公审”活剧。在活剧演出时，被告的态度，使全世界的心理学家和法律专家都感到大惑不解。原来名列被告的被整肃的老革命党们，他们在法庭上，竟纷纷“直认罪状不讳”，他们不但不为自己做无辜的辩护，反倒帮忙检察官找最恶毒、最丢脸的形容词朝自己脸上贴；同时他们的律师，也不替他们做无辜的辩护，也一反律师之道，纷纷帮助检察官...
006.流血的自由.txt	43	老革命党们用尽量屈辱自己的方法，去希冀在他们死后，斯大林会兑现他的承诺，以使他们的妻儿、朋友和信徒不同赴黄泉。因此，他们死得是那样驯服、那样卑微、那样懦弱而低贱。斯大林完全“成功”了！这个混世暴君已经完全消灭了“流血的自由”。在他的总导演下，没有了歌燕市的慷慨，没有了坐楚囚的从容，一个个叱咤风云的革命志士，都变成了饮恨吞声的可怜虫！
008.漫画的自由意义.txt	3	《孟子》里有一句话，叫：“说大人，则藐之。勿视其巍巍然。……吾何畏彼哉！”意思是说：见那些大人物呀，可要轻视他们，别给他们唬住了。……为什么要怕他们呢？
009.不拍马屁的自由.txt	5	以隋朝的王胄案为例。隋炀帝是喜欢自己舞文弄墨的皇帝，他写了作品，喜欢别人叫好。一天，他写了《燕歌行》，大家都拍，可是著者即王胄不吭气，在没有沉默的自由里，不吭气就是抗议。最后王胄因此送了命。
010.梦做骆马的自由.txt	5	到了18世纪，工业革命带来了劳资之间的新冲突，文明国家开始正视这一冲突，设法保障劳方的权利，其中最大特色，就是在劳资冲突中，法律上和事实上，都允许劳方有罢工的自由，有小子喊“老子不干了！”的自由。这种自由的赋予，已经是文明国家的常理，不管这国家信的是哪种主义，法律上和事实上，都得允许罢工，最近共产国家波兰罢工罢得如火如荼，就是明证。
011.论唱反调.txt	15	一党独大会造成绝对的权力，绝对的权力会使人腐化，这是政治学上的常识。为了防止绝对权力的错误，在形式上，就有反对形式出现。这种反对形式，在某些意义上，其实未尝不对被反对的有好处，可是满脑袋一党独大的人却智不及此，而认为是捣老子们的蛋。这些老子们的错误，我在《永远失职，永不失业》一文里，曾有这样的例证：
011.论唱反调.txt	35	作为知识分子的，若不做第一个唱反调的，也不做第二个、第三个乃至第N个唱反调的，反倒正面为一党独大鼓吹，拍当政者马屁，甚至揣摩上意，想得马屁之先，为政府护航，这是最可耻的不务正业。不幸的是，在这个岛上，眼之所见、耳之所及，所谓知识分子，竟都是这种货色。我在《只许我中央，不许你中央》一文里，曾经严厉指摘他们，我说：
012.“敢怒而又敢言”的自由.txt	19	苏东坡是有幽默感的人，他半夜不睡觉，读《阿房宫赋》读得陕西老兵长叹，因而被讽刺“不敢言而敢怒”，他不但不生气，反倒夸奖老兵。但是，抛开这个特例不谈，回头细看《阿房宫赋》，我真觉得杜牧写错了。因为在政府的高压下，“天下之人，不敢言而敢怒”的情况，是不太通的。事实上，人民“不敢言”之日，也就正是“不敢怒”之时。“不敢言”的人你叫他“敢怒”，他也是不大敢的。所以，...
012.“敢怒而又敢言”的自由.txt	25	尽管“广开言路”或“诏求直言”，可是建言的人，却非识相不可。以职业言官白居易为例，他就有过“酬恩奖，塞言责”的小心翼翼的话。虽然小心翼翼，下场却仍是“志未就而悔已生，言未闻而谤已成”，还是很那个。
012.“敢怒而又敢言”的自由.txt	27	中国古人把这种建言叫做“谏诤”，谏诤要求说真话，可是也要求说话的态度。《荀子·大略篇》里说：
012.“敢怒而又敢言”的自由.txt	31	这是一种很重要的点化。“无怒”就是不许生气，不许疾言厉色，所谓“态度要好”，态度不好是不行的。古人表现良好的态度，一说话前就先来个“干冒天威，罪当万死”，来个“流涕具陈，不胜惶迫待罪之至”。他们是“不敢怒而敢言”的，甚至敢言到“宁鸣而死，不默而生”的地步。但这种敢言，算得上是言论自由吗？绝对不算！我在《独白下的传统》里，早就指出这种牵强和误认。我说：
012.“敢怒而又敢言”的自由.txt	35	像毛子水、陶百川这些人，他们都犯了把谏诤当做言论自由的大错误，他们沿袭古人的“诤臣说”，形成了对政府的“诤友说”，所以一发言，就先低一级，完全是一派嚅嚅上条陈的模样，他们是一点“正义之怒”都没有的。毛子水甚至发挥《礼记》中“辞欲巧”的歪理，主张用巧言对政府；陶百川甚至说做“诤友，则其功能必能超过汉唐时代的清流”。这些头脑不清的人，竟在20世纪的民主时代，公然...
013.月亮属于谁的？.txt	7	一、关于所谓萧孟能是《文星》杂志发行人就有著作权之说，是于法不合的。“著作权法”第1条就明定以注册登记为要件，第14条明定“逐次发行或分数次发行者，应于每次发行时分别申请注册”。由此可见，谁要说《文星》杂志著作权是他的，他得首先提出每期的“分别申请注册”的证书才行，如果他提不出来，就好像说月亮是他的，但大家都知道，月亮不属于任何人的。“著作权法”有“无著作权...
013.月亮属于谁的？.txt	9	二、关于所谓发行人当然就有著作权之说，即使不以登记为要件，也不能成立。文星书店出的《文星丛刊》许多都在别的杂志上发表过，若照萧孟能的标准，他印李敖的《上下古今谈》，就侵犯了别的报刊的著作权，因为《上下古今谈》是在别的报刊先发表的。但萧孟能照印不误，因为文化界、商业界与法律界没人会认为发行人当然就有著作权，当年的萧孟能自己也不例外。所以，今天提出他是杂志发行人...
013.月亮属于谁的？.txt	13	四、关于所谓萧孟能是《文星》杂志发行人之说，也与事实未尽符合。文星杂志的发行人，根据“内政部”杂志登记证内警台志第807号，明明是叶明勋，叶明勋做了五十七期的发行人，才因“事务繁忙”，让给萧孟能，《文星》杂志共出了九十八期，其中一半都是叶明勋做发行人的。所以，纵使发行人有所权利要求，讲排名、讲比例，似乎也轮不到萧孟能带头吧？
014.我们梦想“野蛮之自由”.txt	9	《论语》中记孔夫子对“负式版者”尊敬。什么是“负式版者”呢？我们老祖宗住家，以五家为邻，二十五家为里，五百家为党，一万两千五百家为乡。那时候每一邻的名字写在一块木板上，一党的名字正好用一百块。每块木板三尺高一尺宽三分厚，装在大口袋里，由人背着走，这种人，就叫“负式版者”。 翻成现代白话，“负式版者”，就是典型的户政人员。这个《论语》的例子，告诉了我们：古代的...
014.我们梦想“野蛮之自由”.txt	15	国民党是1927年4月18日取得统治中国政权的，这一天，在南京成立了国民政府。国民政府成立后，像《水浒传》先打犯人三百杀威棍一样的，大量杀威的法令，也就一一出笼，例如：
014.我们梦想“野蛮之自由”.txt	51	《户籍法》随国民党出现以后，曾经精益求精，一再修正：1934、1946、1954、1973，都分别杠上开花。杠上开花最可怕的是1973年这一次，因为它首次带来了划时代的新局面，就是所谓“户警合一”。
014.我们梦想“野蛮之自由”.txt	65	对照之下，就知道四十二年下来，国民党权力坐大，已经到了什么样的地步！1973年的“户籍法”是7月17日修正公布的，在公布前十二天，国民党《中央日报》就开始“打歌”，从“打歌”的内容，就可看出当权者的心态，不可不加以详读：
015.读警总秘密会议纪录.txt	23	3.偏激杂志已经与海外“台独”乃至共匪挂钩，呼应唱和，内外勾结，进行所谓由岛内颠覆中华民国政府之阴谋。
016.秘雕案的案外意义.txt	7	人抓了就是抓了，抓了是不能放的，这一事实，对我们这种身历其境的受难者说来，是再清楚没有的事了。受难人私下把那机关叫“狗屄衙门”。“狗屄衙门”是进去容易出来难的衙门，这一名词，是观察狗与狗交配而生的灵感，这种灵感，比起余光中之流那种无病呻吟、矫揉造作、逃避现实、谄媚权贵的管状零感来，高明得可太多了。
016.秘雕案的案外意义.txt	29	从《波茨坦宣言》以后，流行所谓“基本人权”（Fundamental Human Rights）之说，“基本人权”的观念，正式列举在1945年的《联合国宪章》里。“基本人权”的解释，容有广义狭义之分，但在大体上，一般宪法都能涵盖到，上面所列的那些自由项目，都是与“基本人权”相当的。
016.秘雕案的案外意义.txt	49	言论讲学著作及出版的自由，在学理上就是所谓“表现自由”（freedom of expression），也叫“意见自由”，就是人民可以自由发表意见，而不受非法侵犯的自由。这种自由，最早把它列为第一顺位的，是17世纪的英国诗人弥尔顿（John Milton）。在1643年，在英国国会立法禁止印售未经议会检查许可的书籍的时候，弥尔顿大声疾呼表现自由是在其他自由之上...
016.秘雕案的案外意义.txt	55	“杀人如草”是恐怖的，但是“杀人如草不闻声”更是恐怖的扩大与延续。只有让声音出来，才是消灭恐怖的起点，而“表现自由”“意见自由”，就是这种扬声器。1966年，我写《一个最起码又最低调的标准》（《李敖全集》台湾版第六册），就要求各报：“只要有任何一件侵害人身自由和言论自由的事件，当前每一家报纸，都该至少用武侠小说一个插图的位置，或是要人训词一个标题的篇幅，一致...
017.还是第一声最像.txt	7	1895年，中日甲午战争以后，中国人觉得很没面子，连小日本都打不过。大家研究打不过的原因是：中国太落伍了，在新世界中完全跟不上时代。要跟得上时代的法子，一定要宣传新思想，工具就是办报。在当时，北京维新派官绅像文廷式等，办了一家“强学会书局”，出版了一种《中外纪闻》的报纸，也叫做《中外公报》。这份报纸的最早赞助人，就是后来中华民国第一任想当皇帝的大总统袁世凯，...
017.还是第一声最像.txt	33	由此可见，几十年来，各党各派口口声声大骂的帝国主义，其实也有对中国人有好处那一面。它使中国有了学堂、有了医院、有了火车、有了不打屁股的法院，并且，最重要的——有了言论自由。它使从来没有言论自由也不知言论自由为何物的中国人，知道了言论自由的可贵。
017.还是第一声最像.txt	63	金生丽笔下的这种自由，是今天的我们不能想象的！但是，自从国民党逃到台湾后，首先就用大抓匪谍来吓破记者的胆，害得记者不得不缩在一起。金生丽回忆：“在我们同时采访的记者中，确有因匪谍罪证确实而被处决的，因而大家都觉得单独采访有很多不便，不如一起行动。”记者摆平后，国民党就用大张报禁来钳制言论自由，所谓报禁，就是以离奇可笑的理由，不准人民办报。
017.还是第一声最像.txt	79	何况，纵使所谓“调节新闻纸杂志之数量”之说能成立，也不能任由国民党选择，而要一视同仁才成。“出版法”第28条的“计划供应”对象，包括了一切的出版品，所谓出版品，按“出版法”第2条，明定包括一、新闻纸类的新闻纸和杂志，二、书籍类，三、其他出版品。照国民党的逻辑，新闻纸以外的出版品，自然也应该适用，可是国民党却没完全禁止杂志和出版社的登记，这又怎么通呢？所以，国...
017.还是第一声最像.txt	81	再何况，所谓“计划供应”的立法原意，是指“战时节约的需要”，或因海口封锁、或因运输困难、或因集中力量以应军事生产急需，但这些都不构成不准报纸登记的理由。英国在第二次世界大战时的前例，可以为鉴。所以，国民党的“节约用纸说”，全是谎话。此其二。
017.还是第一声最像.txt	83	又何况，国民党所谓的“节约用纸”情况，在发明这种理由时，就根本不存在。当时台湾白报纸产量，全年供给各报配纸不过每月三百四十六吨，每年不过四千一百五十二吨。仅占纸业公司的六分之一。当时造出来的纸都用不完，又何来不够用？所以，国民党的“节约用纸说”，全是谎话。此其三。
018.“春风吹又生”.txt	5	“野火烧不尽，春风吹又生。”千古诗人意，心有一点通。
019.肚皮里的言论自由.txt	7	为什么呢？原因很简单，就是国民党“对出版物的各项处分”，所谓有“救济的途径”，都是胡扯的。从国民党逃到台湾起，三十四年来，查禁的书刊千万册，可是据我所知，只有一本是解禁了的，并且“救济的途径”，还是走了后门的、一波三折的。这一本书的解禁，包含了一个历尽沧桑的内幕故事，我先从远处说起。
019.肚皮里的言论自由.txt	13	在杜尔丁提出的问题里面，有一个很有味儿的题目，他问我：“为什么在台湾的这些大学教授们都显得活力不够？为什么他们不像韩国那些教授们那样生气勃勃、勇气十足？”
019.肚皮里的言论自由.txt	15	我的答复是这样的：中国大学教授们不是没有像韩国那些教授那样生气勃勃、勇气十足的情况，可惜那是四十多年前的事了，那是五四时代教授们的气象。现在不行了，现在他们老的老了、死的死了、堕落的堕落了。沦陷在大陆上的许多第一流的教授都被迫在“思想改造”下苦斗；而到台湾来的一些教授，大都是“二流货”和不入流的，他们在台湾岛上，十足表现出“没办法”和“无能”的丑态，这是不难...
019.肚皮里的言论自由.txt	35	最后我认为东北作家分为广狭二义是必要的：广义的应该包含曾在东北居留相当时期的作家，如章靳以和《哈尔滨的暗影》作者郑伯奇等，狭义的当然仅指出生东北的；而普通所谓东北作家，无疑是狭义的，他们的阵容如何？二十九年《大公报》副刊曾出九一八纪念特刊，附带报告东北文艺作家近况，所搜集者有风露、马上、姚奔、辛代、金人、骆宾基、雷加、塞克、师田手、萧军、舒群、萧红、端木蕻良...
019.肚皮里的言论自由.txt	53	大陆板荡，渡海来台，友朋星散，联系尽失。三十八年10月1日，匪伪政权于北平出现，闻讯之下，义愤莫名，乃以蹈海之决心，从事反共之呐喊，当撰《保卫大台湾》歌词公诸报端，道藩先生见报约往晤谈，并将不同配曲录音恭请总裁赐予批评。洎后《新生报》举办读者编者联谊会，于济济一堂读者作者之前，道藩先生又发表演说，大声疾呼地说：“台湾文艺界的反共风气，是孙陵先生提倡起来的。”...
019.肚皮里的言论自由.txt	59	孙陵的单纯性格，哪里是搞政治的！最后，他终于投闲置散了，“冠盖京华独憔悴，一官匏系老冯唐”，正是他在台湾三十多年的总写照。他穷困潦倒，整天在诗酒与回忆中自娱。他有两个女儿，一个叫孙婉，是王尚勤的好友。王尚勤常去孙家，跟“孙伯伯”很熟，孙陵托王尚勤约我到他家吃饭，我去了。1963年1月17日，他写了一封信给我：
019.肚皮里的言论自由.txt	67	由于孙陵老是活在诗酒与回忆之中，为供他回忆之资，我后来送了他一本台湾绝无仅有的他的抗战刊物——《文艺工作》，孙陵大喜，在1964年8月20日，写信给我：
019.肚皮里的言论自由.txt	113	十年前，你在中央副刊写《读〈右任诗存〉》（四十四年12月29日），有两句诗是：
019.肚皮里的言论自由.txt	119	今写此信，聊可表示知你者的一点小意思。虽然你有许多诗文，我并不赞同或佩服。
019.肚皮里的言论自由.txt	141	我确是为了一个“原则”而奋斗，当然也反证了查禁机关的无知横暴。最后他们终于挑出一个“俄帝字汇”来，向中央和安全局提出正式报告，指那唯一的俄帝字汇是“爱新觉罗氏”。安全局和中四组的人，迄今引为笑谈，以如此无知之人，负如此重大责任，国家不亡，尚有天理么？可是，这些人是谁任用的？为何要用他们？他们不还是洋洋得意么？可叹可悲，无过于此！当然也不必再由我答复了。《波华...
019.肚皮里的言论自由.txt	145	我的诗句和杂感你都还记着，也使我感激。我常对两女说：“你们虽是我的女儿，知道我的绝不如李敖多，并且不如他。”人之相知，贵相知心，貌合神离，何如不合更妙。
019.肚皮里的言论自由.txt	185	现在所谓“文运”，是运不出东西来的。
019.肚皮里的言论自由.txt	187	孙陵的文章到后，我把它配成一组炮弹，发表在《文星》第九十二期（1965年6月1日）。所谓一组炮弹，包括了陆啸钊的《从〈心锁〉到〈林丝缎影集〉》和李声庭的《“妨害风化”与禁书》，分别从中外理论与实例，来对禁书问题做一个“正本清源”的强打。孙陵的文章题目是《关于〈大风雪〉解禁的一些感想》，全文如下：
019.肚皮里的言论自由.txt	197	二、反对孔子学说，扣押。
019.肚皮里的言论自由.txt	199	我当时在教育部担任美育委员会专任委员的职务，对于保安司令部这种突如其来的诬陷迫害，至为愤慨，当即请求张部长晓峰先生，设法予以解决。晓峰先生除担任教育部长之外，同时也是国民党中央党务委员，兼中央总动员会议文化组召集人。保安司令部查禁书刊的事，是要对总动员会议负责的。晓峰先生当即写了一封信，嘱我谒见保安司令部李副司令立柏将军（文件一）。李副司令说明对此概不知情，...
019.肚皮里的言论自由.txt	203	二、文句极尽挑剔挖苦之能事，且兼有共匪习用之名词，而所取题材系“九一八”时之事实，又描述哈尔滨一切崇尚俄化。
019.肚皮里的言论自由.txt	213	《大风雪》能够解禁，我首先应该感谢蒋总统！绝不是故意恭维，这有事实做证据：第一，总统虽然不写文艺作品，但对文艺工作从来极为重视的。第二，三十八年大陆崩溃，台湾危急的那个时期，我写了一首《保卫大台湾》的歌诗，有几种不同配曲，张道藩先生曾将各种不同配曲录音，送请总统亲自听取审核，并介绍我“为本党及文艺工作努力成绩，深得总裁注意”（文件三）。第三，民国四十年，我出...
019.肚皮里的言论自由.txt	303	〔本报讯〕全国文艺界今（8）日上午9时至11时，在北市中山堂复兴厅举行悼念作家孙陵大会。会中将由陈纪滢报告孙陵生平及其作品，文工会主任周应龙、文建会主委陈奇禄等人均将致词。
019.肚皮里的言论自由.txt	319	每一个人，必须先能忠于自己，才能忠于朋友、忠于国家。忠的真正意义便是爱与至诚。而一个真正能够忠于国家的人，也必然了解“爱与至诚”的真实意义。一个人不能对自己的历史负责任，更何能对国家负责任？所谓“识时务者为俊杰”，原本是一个政治口号。朝秦暮楚，二三其德的人，绝不配做“识时务”的人，只是投机取巧而已。自己以为欺骗了别人，其实正是欺骗了自己。最后也必然害人、害己...
019.肚皮里的言论自由.txt	321	时过境迁，转眼二十年，直到今天，所谓“自由人士”（最近白宫主人似乎正和这类“自由人士”在争讼不已），则骂我落伍顽固，而“布尔什维克毒素”未除的人，则骂我自由主义。乘此机会，我可以加以表白：我认为真正能够抵抗专制独裁的力量，是自由思想的力量。一个人而不能自由思想，便必然失去判断的能力；一个缺乏判断能力的人，他又如何能够有选择某种思想优或劣的能力呢？最后必然变为...
019.肚皮里的言论自由.txt	327	可是，我们不惜牺牲、勇敢奋斗的“战斗文艺”的成果，迅即冰消瓦解，责任绝对不在我们，全在领导者。这是不容掩饰推诿的历史事实。一切都有原始公开资料作证据。白纸印黑字，任何人物、任何力量，也无法改变丝毫的。当时我在“万般无奈”的情况之下，写了一本《论反共精神战线》的小书。得到总统和参谋总长以及中央研究院长、教育部长……各人的称赞。另外还写了两首律诗：
019.肚皮里的言论自由.txt	385	如此则封面必须重印，附录之后，尚有数十版页码不符，亦须重排。装订、制版、排印、纸张、搬运，在在需款。弟已欠债甚多，势难旧债未清，又欠新债，故盼先生对此必需费用，予以补助，和衷共济，解决此一问题，以符雅意。现本党上下，力倡文艺，文风之江河日下，先生当有同感。如何扶植嘉禾，刈除莠草，端赖主其事者之真知灼见，明鉴是非。武则天女流之辈，读徐敬业檄文，悉为骆宾王手笔，...
019.肚皮里的言论自由.txt	387	先生曾译述新俄文学，对此当知之尤谂。至肯尼迪论诗人之卓见，更为领导民主文艺之不朽卓论矣。自三十八年识先生以来，已十七年矣，故略抒所感，藉供参考。弟弱冠读文文山诗，深为感动。迄今犹记其有句曰：“愿持寸一丹，写入青琅玕，会有抚卷人，孤灯起长叹。”“惶恐滩头说惶恐，零丁洋里叹零丁，人生自古谁无死，留取丹心照汗青。”敬祈矜鉴，不尽区区，并颂勋安
019.肚皮里的言论自由.txt	395	有一件事情，是我那篇《总报告》里所不曾提到的，当时保安司令部既然根据“大部分皆系共匪字汇”的罪状，通令全省警察机关扣押，中央便要保安司令部提出“大部分共匪字汇”的确实证据。查禁官员不仅未能提出“大部分”共匪字汇，竟连“小部分”也未能提供出来。找来找去最后提出一个“共匪”字汇来，那就是第二章第三节开始第一行里“爱新觉罗族”这一个满清皇室的专用名词。满清皇室的姓...
019.肚皮里的言论自由.txt	397	现在事过多年，根据谢然之先生的说明，是政府当局的“权宜措施”。我认为除了总统、五院院长、各部部长，再无人可以代表中央政府的。而所谓“权宜”，必须先有事实的根据，才可以因宜行权，像《大风雪》这一件公案，不论是从“作品”的表现或“作者”的表现，都是绝对无懈可击的，何从谈得上“权宜”两个字？
019.肚皮里的言论自由.txt	403	“自古皆有死，民无信不立！”如果总统和经国先生的意思都不够权威，还有什么更可相信的？治国之道，首重立“信”！“信”，包括“信仰”“信心”“信用”“共信”几个意义的。更何况我们要整军经武，吊民伐罪，共伸大义于天下的紧要关头？最令我惊讶的，是正当全国上下力倡文艺清洁运动之时，文协男女会员集体观赏春宫电影，作为正式的文艺活动，我从未见到有什么人对于文协这种荒淫的文...
019.肚皮里的言论自由.txt	409	现在，在总统号召之下，全国上下又重视文艺复兴运动了！而所谓“运动”的最大目的，便是要“作品”，并不是开会发宣言、招待记者、旅行、参观、晚会……便算是尽了“文艺运动”之能事了的！
019.肚皮里的言论自由.txt	413	知识即是权力，权力并不就是知识。有了政治权力可以任命官吏，有了军事权力可以指挥作战，有了经济权力可以开工场、盖大楼。可是，政治权力不能只凭一纸任命状，便任命张三做诗人；军事权力也不能一枪把李四打成小说家；经济权力更不能送王五一百万美金便会成为音乐家。……
019.肚皮里的言论自由.txt	415	诗人是天生的，不是制造的！权力可以帮助诗人，不能制造诗人。冯玉祥是天生的“丘八”，他凭借权力尽力把自己制造成一个“诗人”，历史确是无情的，今天有谁知道冯玉祥写过些什么“诗”？他浪费了自己的权力和生命，也糟蹋了“诗”，贬抑了“诗”——可是，诗还是诗，别说一个冯玉祥，便是千百个冯玉祥，也是糟蹋不了、贬抑不了的！“诗”既不以有冯玉祥而贵，岂会以有冯玉祥而贱？
019.肚皮里的言论自由.txt	417	我绝不是说文艺与政治无关，刚好相反，文艺和政治是息息相关的，只有偏于一边或两无所知的人，才会说文艺与政治无关的话。秦始皇和成吉思汗是最不懂文艺的人，他们虽然建立了大帝国，真是昙花一现，其兴也忽焉，其亡也悖焉。汉高祖是最瞧不起文人的，那只是他“打天下”的时候，一派流氓作风。天下大定以后，他便要借重文人了。而且，从他的“大风起兮云飞扬”看来，他也不是一个毫无文采...
019.肚皮里的言论自由.txt	419	我们现在究竟需要何等文艺建设和文艺教育？奖励何等文艺作品？批评何等文艺作品？必须主其事者具有高人一等的真知灼见。一味喊喊嚷嚷，那是不会发生作用的。所谓奖金、奖章、奖状……只是饰名之器而已。以奖奖善，则受奖为荣，不受奖为辱。反之，以奖奖恶，则不受奖为荣，受奖为辱。这些话，只是从原则立论，并非指具体事实。谈到具体事实，我自知尚不够被“奖”资格，因此也从来不敢“请...
019.肚皮里的言论自由.txt	423	我们初来台湾那几年，曾经有过一种怪论：有些人认为只要认识几个中国字的人，便可以当国文老师，终于造成了国文教学水准的低落，这些年早已听不到这种怪论了。我们还听过一种怪论，只要在学校里作过文的便是“作家”，能舞文弄墨，在所谓畅销（究竟“畅”到如何程度，真是鬼知道）刊物上发表出来，更是了不起的“大作家”！发奖金、拍电影、上电视……更是理所当然。自我陶醉是没有用的，...
019.肚皮里的言论自由.txt	425	真正的诗人作家，不但“制造”不得，更“急”不得，也“装扮”不得。掩袖吹竽的南郭先生之流，绝不能对音乐有所贡献的！再由这种人来指挥一个管弦乐团，那更不是提倡音乐，只是毁灭音乐而已。
019.肚皮里的言论自由.txt	437	我的《大风雪》，早于民国四十六年由原查禁机关——保安司令部——一字不易地通令解禁了！难道还要为了我附录了那一篇说明经过实相的《总报告》，再来一次查禁吗？当真再蛮不讲理地查禁，真正受到损害的不仅是我个人，而是我三十四年以来所心爱的政府。我为我的政府不顾生命，生死以之，抛弃财产家庭，严拒诱惑，参加调统局工作，接受蒋总裁的任命，总裁也认为《大风雪》写得很好，要我再...
019.肚皮里的言论自由.txt	453	前奉钧座面谕，职之《大风雪》小说，已蒙总裁赐阅表示嘉许，至感荣幸。同时并蒙钧座指示，再写一部以东北风土人物为背景之创作，二十四万字，可支领稿费一万二千元，分上下两册出版，每册十二万字。奉命之后，感奋殊深，现已开始写作并已预支稿费五千元，预计年底以前即可完成。乃职正拟集中心力，从事创作之际，保安司令部忽于本月上旬，以“（45）安力字234号”通令全省警察局，查...
019.肚皮里的言论自由.txt	457	二、禁扣理由之二，“反对孔子学说”，尤其荒谬绝伦，《大风雪》第一部，作者个人从无论及孔子之处，何来反对？申言之，果有张三李四，以新观点研究孔子学说，即为反对乎？即予禁扣乎？保安部又何来此等权力？且真正的文艺复兴，必有待于以新时代知识研究古代学术而后可，是则保安司令部岂不将由其一心之好恶而随意加以禁扣？思之不仅寒心，尤有不胜恐惧之感！保安司令部之权力果如此漫无...
019.肚皮里的言论自由.txt	459	三、职于第一部虽无反对孔子之处，但于第二部（四十一年写毕）发表于《火炬》杂志，确有发扬儒家精神之处。曾以两万余字描写“手脑并用”之重要，阐明良知人人具备之理及致良知之道。今日本部极力推行“手脑并重”教育政策，可谓与职四年前之著作不谋而合。又如职于三十八年主编《民族报》副刊第一期发刊词，即以“展开战斗，反击敌人”为题，申论“战斗文艺”之重要，亦可谓与总裁所提倡...
019.肚皮里的言论自由.txt	467	一、值得研究的：保安部发布查禁《大风雪》命令之日，正是匪共展开文艺统战进入高潮之日，亦即毛匪文艺统战团率领大批文丑于澳门展开活动之日，亦即匪共于香港诱骗自由艺人欧阳莎菲、黄河等公开投入铁幕之日，亦即罗滋于东京宣布台湾无出版自由之日，亦即匪共展开阻碍破坏海外文人，及大陆自由文人心存向往台湾文艺复兴之日，亦即文协理事会率领男女会员二十余人，集体前往刑警总队欣赏春...
019.肚皮里的言论自由.txt	469	总裁于《苏俄在中国》一书内第六十一面第二段，曾详尽指明：“共匪为使他的党团在群众中得以发展组织，而确立其控制，所以对其青年两性生活的放荡，特别鼓励。所谓打倒廉耻扑灭道德的口号，更是共匪诱惑他们破坏家庭、毁灭伦理，而甘受匪党役使的唯一方法。”文协此种集体荒淫无耻活动，是否有潜匪阴谋策划于其间？实有彻查必要！因此匪共透过匪谍，运用关系，造成打击、摧残反共爱国，坚...
019.肚皮里的言论自由.txt	473	三、值得研究的：每一事件之发生，有其外，必有其内。吾人对匪共文艺统战之内部组织活动，虽不得而知，但由其外在之表现，即可追踪而入，探究根源。所谓“莫遣桃花随流水，怕有渔郎来问津”。此一案件之可疑之处，即“大部分共匪字汇，反对孔子学说”二者。吾人现知大陆匪伪政权成立以后，有所谓“共匪术语”之说，如“民主专政，劳资两利”之类，但“共匪字汇”一词，则从未闻之，乃第一...
019.肚皮里的言论自由.txt	475	四、代表政府的保安部，必不诬陷反共爱国的忠贞作家，然竟而发生诬陷诽谤且予扣押之事实，是又如何解释？吾人不能不怀疑，是否尚有潜伏匪谍响应匪共正在推行文艺统战之“立功”表现？职对台大及傅斯年毫无恶感，然见其表现乖张，有利匪谍，即公开为文抨击之，不数月而台大匪谍案于焉破获。职对于《新生报》及李友邦亦从无恶感，然见该报表现及李友邦之言论荒谬，有利匪谍，大义所在，为文...
019.肚皮里的言论自由.txt	487	六、我人不可忘记，许多陷匪附匪文人，多数对匪并无好感，但由匪谍运用，造成文人与政府之隔阂。举例言之，抗战时期之审查制度，往往无问题书刊，不得出版，而共匪宣传品，反大批流行，此并非国家之政策，盖一种由评审职员学识浅薄、缺乏审阅能力所致；一种乃系败类暗中接受匪谍津贴，故意造成错误，促进文人对政府信心之动摇，而达成共匪思想渗透之目的。所谓“逼上梁山”之匪共统战阴谋...
019.肚皮里的言论自由.txt	507	一、查保安司令部于本年2月28日，通令全省以“安力字234号”命令予以扣押，罪状为“一、本书所用字汇，大部分均系共匪所用。二、反对孔子学说， 扣押”。
019.肚皮里的言论自由.txt	517	B 职问扣押理由一为大部分皆系共匪字汇，二为反对孔子学说，事实根据何在？所谓大部分皆系共匪字汇，见于第几章第几段？第几页第几行？所谓反对孔子学说，又见于第几章第几段？第几页第几行？必须一一指出。又何谓共匪字汇？何为我们字汇？标准何在？有无法律根据？无法律根据也须有单行法，明白指明，凡引用该一违禁文字者即违法著作，即予扣押。该承办人说：“我总归有标准。”职当告...
019.肚皮里的言论自由.txt	519	C 于4月13日上午10时谈至11时得李科长之结论后辞出。迄今正正两个月，李科长之承诺迄未履行，该部迄未将何处是共匪字汇、何处违反孔子学说之事实详予指出，亦无任何其他通知，扣押命令亦未取消，乃该部于旧理由未能指明事实之外，复捏造新罪名，必欲将此一激励爱国思想、民族精神之作品扣押消灭而后快，是则该部之动机何在？立场何在？职皆深感惶惑，百思不解。
019.肚皮里的言论自由.txt	525	二、据唐棣先生呈钧座函内开：5月22日，举行之文化组第六十八次会报席上，保安司令部李科长世雄同志提出口头报告，谓贵部美育委员孙陵先生所著《大风雪》一书，经审查结果（据报告因该书内容不合时宜——孙陵按：原罪状为“大部共匪字汇，反对孔子学说，并非‘不合时宜’。——业经该部于本（45）年2月18日安力字234号令予以扣押在案，嗣以作者系贵部高级职员，为慎重起见，复...
019.肚皮里的言论自由.txt	529	2、文句极尽挖苦挑剔之能事，且兼有共匪习用之名词——（原为大部皆系共匪字汇，此处又改为兼有共匪习用名词，孙陵附记）——而所取题材系“九一八”时之事实，又描述哈尔滨一切崇尚俄化。
019.肚皮里的言论自由.txt	543	诚然，各人有各人之政府，蒋总统有蒋总统之政府，魔王斯大林有斯大林之政府，匪酋毛泽东有毛泽东之政府，汉奸张景惠有张景惠之政府。吾人抗俄帝之政府，非抗俄罗斯全国人民。吾人反共，乃反共匪之伪政府，非反大陆同胞。张景惠于“九一八”后挟其地方政府，充任日寇鹰犬，成为汉奸大本营，张景惠于日寇攻击哈尔滨市区时里应外合，领导投降，杀害抗日志士，以铁笼装三颗烈士头颅悬于哈埠最...
019.肚皮里的言论自由.txt	547	文句极尽挑剔挖苦之能事，且兼有共匪习用之名词，而所取题材系“九一八”时之事实，又描述哈尔滨一切崇尚俄化。
019.肚皮里的言论自由.txt	551	对此汉奸政府极尽挑剔挖苦之能事，正是作者文艺报国之最大光荣与功勋，前节已略有所述。未能手刃汉奸政府之群贼，时以为恨，仅作文字声讨，非本意也。职当时（民二十五年）曾有诗记之云：“可恼人心死，觍颜事暴秦，群狼作虎伥，争噬汉家人，慷慨四十子，一朝忽成仁，阿兄在缧绁，吞血逾两春，恨无博浪椎，一击振国魂，且抒董狐笔，讨贼大义伸，及时自淬砺，奋志试卧薪，解裘衣粗褐，嚼粝...
019.肚皮里的言论自由.txt	553	“九一八”至“八一三”，六年之久，东北民族精神得以不堕，职于东北之贡献实不小！职非自诩者，当时冒生命危险，于东北第一大报《大同报》发表爱国文字（职自任编辑，该报日售五万余份），家兄等少年友人则从事实际行动，舍生取义，慷慨捐躯，毁家纾难，职亲历之可泣悲壮救国历史，昭然在目，惜乎处伪满日寇之下，中央毫无所悉，未得一字之褒，以视为反共而牺牲之孔松等人，皆得为国人所...
019.肚皮里的言论自由.txt	573	保安部扣押《大风雪》原罪状为“大部共匪字汇，反对孔子学说”，自知捏词诬害，已构成诬害罪及公然诽谤罪，乃延不答复，又以以上三理由欺骗中央，必欲查禁而后快，而此三项新理由，尤为荒谬！除诬害诽谤作者个人而外，乃复为汉奸张目，指反汉奸政权为反本党政府，指提倡圣育之汤武、孔子、中山先生一脉相承之传统为反对中国优良传统，现职一一答复于上，该部是否尚有第三次新花样出现？
019.肚皮里的言论自由.txt	595	由春徂秋，卧病半载，致病原因，一为痛心文艺界之荒淫无耻，风气堕落；一为由保安司令部连续无理迫害所致。《大风雪》案自国家安全局指令保安司令部应遵照中央指示办理，并由中四组函达该部速予解禁后，顷闻该部复又请示中央，主张加以修改后再予解禁。并闻业由钧座批示：“不用修改，如无思想问题，应宽大处理”，至为恰当。盖职之作品果触犯法律，查禁可也。果不触犯法律，解禁补过可也...
020.政治迫害音乐的讨论.txt	15	1910年6月11日，江文也生于台湾淡水，十三岁赴日本求学。我们对他自幼的生活毫无所知，只见另一位承受过他亲炙的台湾作曲家郭芝苑这么写道：“大家也知道淡水、台南都是台湾初期的基督教传教地，因此这两地自古以来基督教都很繁盛。我想他幼年的时候，朝夕间必定时常听到教会或神学校所奏出的风琴及赞美歌的声音，这个早期就传入西洋文化、充满异国情调的小镇，必带给他走向音乐之...
020.政治迫害音乐的讨论.txt	17	十九岁那年，江文也毕业于日本长野县上田中学，后来，又考进东京武藏高等工业学校。这段时期，他白天上课，晚上到上野音乐学校（现国立东京艺术大学音乐学部前身）的课外分校学声乐。从事民间音乐研究的许常惠先生曾评道：“……可见他在音乐上不是科班出身的，所以当年在日本他走的不是主流的学院派，而是在野的民族乐派。”（《江文也——苦难的台湾乡土作曲家》，《中国新音乐史话》，...
020.政治迫害音乐的讨论.txt	25	1938年，出乎大家意外的，这个“日本的光荣”毅然回归中国。他放弃东京优越的生活环境，放弃在日本乐坛所建立的地位，甚至放弃日本旧党族家庭出身的日籍夫人，回到北平师范大学音乐系教书。
020.政治迫害音乐的讨论.txt	45	江文也讲这话时，大约是1948年以前，他回中国十年了。这十年间，他完成了管弦乐曲《孔庙大成乐章》《北京点描》《根据世纪神话的颂歌》《寄给蓝天中鸣响的鸽笛》，芭蕾音乐《香妃传》，及无数首钢琴曲、声乐曲，可以说是作品丰硕的年代。
020.政治迫害音乐的讨论.txt	63	1975年10月，在周恩来强而有力的坚持之下，中共举办了聂耳及冼星海的纪念音乐会，学生们听后的反应是：“为何作者不能出名？为什么我们都没有听过这些作品？”因为禁令是默默中执行的，据中国新歌剧杰作《白毛女》的作者马可说：“当时音乐学院的学生们，根本不晓得聂耳和冼星海的事件。”（见当年11月18日马可日记）
020.政治迫害音乐的讨论.txt	65	在中共这段统治时期，个人的文化贡献很容易因政治运动的需要，完全被抹成一页空白。今年7月5日，张己任先生指挥香港泛亚交响乐团演奏《台湾舞曲》，团员中有好几位曾是北平师范大学音乐系的学生，他们听了音乐，惊讶地问：“这个作曲家是谁？为什么他作过那么好的曲子，我们都不知道？”张己任笑答说：“他是你们音乐系的教授呀！”（1983年11月8日访问录音）
020.政治迫害音乐的讨论.txt	79	如果新约是基督教徒的。那么旧约是属于我们的。你们怎么胆敢唱我们大卫的诗篇？你怎么敢——
020.政治迫害音乐的讨论.txt	83	当门德尔松排除万难，以私费训练业余歌唱者演唱《受难曲》时，反犹的政客居然暗中唆使暴徒攻击他。一直到情况恶劣得失去控制，一名业余女高音被杀后，莱比锡的市民才发觉事情做过头了，于是开始检讨。
020.政治迫害音乐的讨论.txt	87	张己任先生在接受访问谈到江文也时，亦曾提到瓦格纳（R. Wangner, 1813-1883）。这位德国歌剧的改革者，因参加1848年的革命，曾长期亡命在国外，他本身就是政治犯，但德国人并未弃绝他的歌剧作品。瓦格纳生前有浓厚的反犹言行，然而一世纪以后，以色列还是上演了他的歌剧，尽管音乐厅里面在唱歌剧，外面仍有人在拿着牌子抗议。
020.政治迫害音乐的讨论.txt	101	1938年，出乎大家意外的，这个“日本的光荣”毅然回归中国。他放弃东京优越的生活环境，放弃在日本乐坛所建立的地位，甚至放弃日本旧党族家庭出身的日籍夫人，回到北平师范大学音乐系教书。
021.为什么涨价？.txt	13	一、发起全民“四不运动”——去年8月26日，国民党《中央日报》带头宣称：“所谓‘四不运动’，即是不印、不卖、不买、不看。‘不印’，应由有关机构策动全国工商总会或印刷业同业公会，在印刷业界，发起‘不印偏激性刊物运动’，以根绝那些黑刊物，如有印刷者，予以重罚或撤销其执照。‘不卖’，由文化事业团体公会，在书局文具业零售商界，发起‘不贩卖黑刊物运动’。由内政部、教育...
022.《叶明勋密件》书后.txt	5	字夏风，福建浦城人，民国二年9月25日生。私立福建协和大学文学士，美国州立科罗拉多大学新闻学院、美国斯坦福大学新闻研究所研究生、中训团党政班二十八期、革命实践研究院二十四期、党政军高级干部联战班第一期结业。曾任协和大学代训导长。抗战军兴，入渝，参加中央社工作。从此终生以新闻为职志。三十四年胜利后奉派来台，接管同盟社，三十五年筹设中央社台北分社并任主任，四十年...
022.《叶明勋密件》书后.txt	17	钧会第四组查核在案。明勋分属党员，前此承乏该报社长，亦系出于我党政首长之敦促，负有使该报对党政方面协调之任务，故于此次辞职之后，自应就该报改组之经过，明勋过去受任之始末，六年来任职之情形，对钧会有所报告。查《自立晚报》，原系李玉阶先生独资经营，以标榜无党无派独立经营为号召，后因办理不善，业务始终无法发展，至四十八年，经费周转陷于极度困难，已感难于继续维持，李...
022.《叶明勋密件》书后.txt	23	钧会加以陈述，目的不在表白明勋个人任职期内之功过，而在使钧会对该社情形有较深切之了解，俾作为今后处理之参考，至于明勋在该报社长任内未能达成党政方面所交付之任务，深滋惭悚，如有处分，当敬谨接受，待罪陈词，伏乞
022.《叶明勋密件》书后.txt	63	《叶明勋密件》中说他要代国民党“自行掌握编辑政策”，这一内幕，颇值得细说。原来叶明勋早在1951年即出任国民党党报中华日报社长，由于为大舅子严侨作保，严侨因是共产党被捕，叶明勋引咎下台。下台以后变成闲人。但他为人随和、喜欢喝酒交朋友，人缘极佳，所以《自立晚报》改组，他又被党中央看中，派来做“监军”，以“掌握编辑政策”。叶明勋到《自立晚报》后，在一张奇大的四方...
022.《叶明勋密件》书后.txt	75	《叶明勋密件》是他虽辞职却未被党中央核准前的作品，所以字里行间，颇有文章。例如他说“至于编辑方面，凡不应刊登之新闻及专栏副刊文字，明勋事先得知，婉为劝止或加以修正者，为数固亦不少，但由李董事长直接交送编辑部，及编辑部不经明勋同意，或不服明勋劝止而刊出者，仍所在多有”等话中，所谓“副刊文字”之言，就是伏笔，意谓登出《说南宋》之举，实非他所能“劝止”也。意在卸责...
