file	line	quote	context
001.为司法黑暗发榜.txt	7	万古如长夜	中国国民党口口声声说他们推翻满清、打倒军阀，其实他们在许多方面，还不如满清、不如军阀，其中之一，就是他们对司法的祸害。满清、军阀虽然千不是万不是，但在司法上，却相当尊重制度、尊重习惯，而国民党却双杀之，结果司法黑暗至今。——“天不生‘李敖’，万古如长夜。”生了李敖，黑暗总算被揭发了。
001.为司法黑暗发榜.txt	7	口口声声	中国国民党口口声声说他们推翻满清、打倒军阀，其实他们在许多方面，还不如满清、不如军阀，其中之一，就是他们对司法的祸害。满清、军阀虽然千不是万不是，但在司法上，却相当尊重制度、尊重习惯，而国民党却双杀之，结果司法黑暗至今。——“天不生‘李敖’，万古如长夜。”生了李敖，黑暗总算被揭发了。
001.为司法黑暗发榜.txt	9	快意恩仇	我从三十二年前被国民党大员告到国民党法院开始，便一路“过堂”、“听审”、“惊奇”、“拍案”，高潮迭起，几无宁年。个人也由“被告”而“原告”、由“小民”而“刁民”、由“自卫”而“卫人”，由“卫人”而好管闲事、为弱者打抱不平。于是跟国民党司法黑暗的前卫人士起了冲突，不论是法官污吏、不论是禁子牢头、不论是司法长官法务部长，一干人等，都在我“点名批判”之列。三十二年间，为真理、为正义、为自己、为别人，我打了太多太多的官司，与法官一干人等冲突几十场、出庭几百次、下笔几十万言，好讼之性，自少到老；是非之争，老而弥坚。坚挺之余，
001.为司法黑暗发榜.txt	11	上得山多终遇虎	第一组——“一、迟来的澄清”是就我被萧孟能诬告而遭冤狱的怪案看司法黑暗。这只是简要说明，详细驳正我都发表在《李敖千秋评论丛书》里了。冤狱发生于一九八〇年，地院法官陈联欢本依法判我无罪，但高院法官林晃、黄剑青、顾锦才却枉法以“不承认亲笔字据”、“不承认科学鉴定”、“窜改笔录”、“代栽证据”、“捏造配偶”、“歪曲情理”等荒谬手法，陷我于狱。后来得知，冤狱之成，与国民党“军机处”王昇主持的“刘少康办公室”有关。我出狱后，锲而不舍，追究出萧孟能诬告我内情，那时政治因素已结案，法官们乃依法判决，诬告我的萧孟能失掉政治靠山，一
001.为司法黑暗发榜.txt	11	锲而不舍	第一组——“一、迟来的澄清”是就我被萧孟能诬告而遭冤狱的怪案看司法黑暗。这只是简要说明，详细驳正我都发表在《李敖千秋评论丛书》里了。冤狱发生于一九八〇年，地院法官陈联欢本依法判我无罪，但高院法官林晃、黄剑青、顾锦才却枉法以“不承认亲笔字据”、“不承认科学鉴定”、“窜改笔录”、“代栽证据”、“捏造配偶”、“歪曲情理”等荒谬手法，陷我于狱。后来得知，冤狱之成，与国民党“军机处”王昇主持的“刘少康办公室”有关。我出狱后，锲而不舍，追究出萧孟能诬告我内情，那时政治因素已结案，法官们乃依法判决，诬告我的萧孟能失掉政治靠山，一
001.为司法黑暗发榜.txt	13	官官相护	这一冤狱，我曾以再审寻求救济，但是与林晃、黄剑青、顾锦才同属高院刑庭的法官王瑶、陈健民、吴谦仁以裁定驳回了它。官官相护，我一点也不惊异。
001.为司法黑暗发榜.txt	31	无所遁形	第三组——“三、钟曜唐——这样的法官配做院长吗？”是就一件我坐牢时过手的冤狱资料看司法黑暗。在这些文字里，我们看到法官钟曜唐的酷吏面孔，看到这种酷吏如何草率审案、做案。在他做手脚的吕安仁案中，他把进餐厅的时间定为“六十八年一月二十六日下午十时许”。这种判决，在最基本的时间认定上，就先犯了两个大错：第一，那天是一月“25日”而非“26日”，早由原告被告双方所认同；第二，进餐厅时间是“十时半”而非“十时许”，也由原告被告双方所认同。但钟曜唐为了“十时半”进餐厅，“十一时”就死人，前后只有半小时，其中包括入座、饮宴、争执
001.为司法黑暗发榜.txt	35	明镜高悬	林晃的判决书说：“凶器亦无查获，不过杀害被害人之凶器为刀类可以确定。”事实上，真是这样吗？光以凶器而论，从法官们的丰富想象力中就各说各话：凶器先是“钝器”，再转为“刀器”，再转为“刀类”，再转为“刀”，再转为“一不明钝器物体”，这算什么判决呢？“钝器”的伤和“刀类”的伤根本是两种不同的伤痕，如验尸报告是“钝器”的伤痕，则“刀类”即为不真；如验尸报告是“刀类”的伤痕，则“钝器”即为不真，怎么可以在判决书中忽而“钝器”，忽而“刀类”，忽而又“钝器”？这不是猜谜，又是什么？但猜尽管各猜各的，草率判人死刑则又有志一同，这是
001.为司法黑暗发榜.txt	39	草菅人命	另一件从华定国冤狱到吕德冤狱中，我提出了在法官做案之前，刑警先期做案的原始文件，吕德冤狱就是显例。华定国冤狱也是我一路关心的案子，我特别做了一张过手推事表。在这表中，我们看到从法官张剑男判决华定国死刑起，历经杨力行、林晃、林锡湖、梁仰芝、廖茂荣、毕庶寅、钟曜唐等一共八十九个法官，都一路判华定国死刑。直到一九八一年九月十一日——即七年死囚牢中后，才由更审第十一次法官谷凤岐、姚锡玖、薛尔毅改判无罪。自此一连七次审判，法官们相沿都判无罪。直到更第十八次法官廖茂荣、洪根树、钱通又别出新审，判了无期徒刑。旋由最高法院法官陈焕
001.为司法黑暗发榜.txt	41	水落石出	第五组——“六、人间何处有青天”是就“武汉大旅社命案”看司法黑暗。武汉大旅社姚嘉荐命案是三十七年前轰动台湾的第一大案，发生在一九五九年七月十八日。因蒋中正下手令“查明事实，从严侦办”，遂由调查局改办。在第二年一月二十六日，调查局改变了姚嘉荐原系自杀的官方纪录，平了官方的反，改说是谋杀，把全案移送台北地检处，旋即提起公诉。三月二十四日，地院宣判，七名被告，均处重刑。计开：黄学文、林祖簪、游全球、王蔼云四人，死刑；吴亮、陈华洲，无期徒刑；杨熏春，十六年。此后一直审了又判、判了又审、审了又判、判了又审，前后拖了十八年，更
001.为司法黑暗发榜.txt	47	不得要领	第六组——“七、法官谢俊峰、王德云、张剑男公然破坏假扣押制度！”“八、台湾的法官最怕报阀”是就伪无党无派者吴三连《自立晚报》诽谤李敖案看司法黑暗。先是该报登出“李敖死了”的书刊广告，在诽谤法理上，说人健康出问题或说人精神有缺陷，都构成诽谤罪，因为这样说，会造成一般人逃避他或排斥他的结果。连说人健康出问题或精神有缺陷都如此构成诽谤，说人“死了”，——尤其是恶意的说人“死了”，当然更毁损人的名誉、信用和处境的顺遂了；更造成人的困惑、困扰和不快了；更给人纵然肉体没死也是“行尸走肉”的强烈暗示与恶劣印象了。为了回敬，就在《
001.为司法黑暗发榜.txt	47	行尸走肉	第六组——“七、法官谢俊峰、王德云、张剑男公然破坏假扣押制度！”“八、台湾的法官最怕报阀”是就伪无党无派者吴三连《自立晚报》诽谤李敖案看司法黑暗。先是该报登出“李敖死了”的书刊广告，在诽谤法理上，说人健康出问题或说人精神有缺陷，都构成诽谤罪，因为这样说，会造成一般人逃避他或排斥他的结果。连说人健康出问题或精神有缺陷都如此构成诽谤，说人“死了”，——尤其是恶意的说人“死了”，当然更毁损人的名誉、信用和处境的顺遂了；更造成人的困惑、困扰和不快了；更给人纵然肉体没死也是“行尸走肉”的强烈暗示与恶劣印象了。为了回敬，就在《
001.为司法黑暗发榜.txt	49	逍遥法外	《自立晚报》在民事上如此被法官逍遥法外，刑事上也同样被法官法外逍遥。为了登出“李敖死了”的广告，我控告吴三连、吴丰山、颜文闩于法院，地院法官杨丰卿、高院法官杨力行、许增男、胡森田都判无罪。我乃顺势印了一本书——《蒋经国研究》，那时蒋经国还没死，我在封面上印上四行横批，全文是：
001.为司法黑暗发榜.txt	57	说大人，则藐之	第七组——“九、法官陈贻男的错误判决”是就比《中央日报》还《中央日报》的《自由时报》诽谤李敖案看司法黑暗。先是一九八九年十月二十八日，国民党财阀支持的《自由时报》刊出《李揆“鸭子划水”，高！》一文，造谣说在某婚礼上“李敖突然出现，并和李焕亲切拥抱”新闻，被我认系诽谤，告到法院。理由是三十年来，李敖一直以孤傲高蹈，戏公卿、弄王侯，“说大人，则藐之”为天下显、为天下倡。如今如该报所描写，则给人趋炎附势印象，自然构成严重诽谤。何况天下美女还抱不完呢，谁有工夫去抱李焕？又何况我李敖向不参加婚丧喜庆的场合，又何来在某婚礼上出
001.为司法黑暗发榜.txt	57	戏公卿、弄王侯	第七组——“九、法官陈贻男的错误判决”是就比《中央日报》还《中央日报》的《自由时报》诽谤李敖案看司法黑暗。先是一九八九年十月二十八日，国民党财阀支持的《自由时报》刊出《李揆“鸭子划水”，高！》一文，造谣说在某婚礼上“李敖突然出现，并和李焕亲切拥抱”新闻，被我认系诽谤，告到法院。理由是三十年来，李敖一直以孤傲高蹈，戏公卿、弄王侯，“说大人，则藐之”为天下显、为天下倡。如今如该报所描写，则给人趋炎附势印象，自然构成严重诽谤。何况天下美女还抱不完呢，谁有工夫去抱李焕？又何况我李敖向不参加婚丧喜庆的场合，又何来在某婚礼上出
001.为司法黑暗发榜.txt	57	孤傲高蹈	第七组——“九、法官陈贻男的错误判决”是就比《中央日报》还《中央日报》的《自由时报》诽谤李敖案看司法黑暗。先是一九八九年十月二十八日，国民党财阀支持的《自由时报》刊出《李揆“鸭子划水”，高！》一文，造谣说在某婚礼上“李敖突然出现，并和李焕亲切拥抱”新闻，被我认系诽谤，告到法院。理由是三十年来，李敖一直以孤傲高蹈，戏公卿、弄王侯，“说大人，则藐之”为天下显、为天下倡。如今如该报所描写，则给人趋炎附势印象，自然构成严重诽谤。何况天下美女还抱不完呢，谁有工夫去抱李焕？又何况我李敖向不参加婚丧喜庆的场合，又何来在某婚礼上出
001.为司法黑暗发榜.txt	57	趋炎附势	第七组——“九、法官陈贻男的错误判决”是就比《中央日报》还《中央日报》的《自由时报》诽谤李敖案看司法黑暗。先是一九八九年十月二十八日，国民党财阀支持的《自由时报》刊出《李揆“鸭子划水”，高！》一文，造谣说在某婚礼上“李敖突然出现，并和李焕亲切拥抱”新闻，被我认系诽谤，告到法院。理由是三十年来，李敖一直以孤傲高蹈，戏公卿、弄王侯，“说大人，则藐之”为天下显、为天下倡。如今如该报所描写，则给人趋炎附势印象，自然构成严重诽谤。何况天下美女还抱不完呢，谁有工夫去抱李焕？又何况我李敖向不参加婚丧喜庆的场合，又何来在某婚礼上出
001.为司法黑暗发榜.txt	59	杠上开花	《自由时报》不但犯了诽谤罪，并且还杠上开花，又来了伪造文书罪。原来在我向《自由时报》提出质问后，十一月十五日，颜文闩来信，附以所谓更正二份。但细查其所谓更正，全违出版法第十五条应有之形式与程序，内容与实质亦了无诚意、敷衍搪塞，何况我既寄达辩驳书在先，又何能以此种所谓更正代之？更耐人寻味的是，在我从市面上买到的和订阅的十一月一日《自由时报》中，第二版上，都没有更正的那一小块，反倒是颜文闩附寄来的那天第二版上，抽掉了一则新闻的尾部，登陆了那一小块。所以，我有理由怀疑，我看到的更正，是“特制品”，是一张假报。想当年盛传袁
001.为司法黑暗发榜.txt	59	耐人寻味	《自由时报》不但犯了诽谤罪，并且还杠上开花，又来了伪造文书罪。原来在我向《自由时报》提出质问后，十一月十五日，颜文闩来信，附以所谓更正二份。但细查其所谓更正，全违出版法第十五条应有之形式与程序，内容与实质亦了无诚意、敷衍搪塞，何况我既寄达辩驳书在先，又何能以此种所谓更正代之？更耐人寻味的是，在我从市面上买到的和订阅的十一月一日《自由时报》中，第二版上，都没有更正的那一小块，反倒是颜文闩附寄来的那天第二版上，抽掉了一则新闻的尾部，登陆了那一小块。所以，我有理由怀疑，我看到的更正，是“特制品”，是一张假报。想当年盛传袁
001.为司法黑暗发榜.txt	65	服善之勇	第九组、“一二、驳台中高分院翁其荣、徐元庆、陈成泉三推事”“一三、驳台中高分院法官林松虎”“一四、最高法院的判决笑话”“一五、最高法院竟比警总还警总！”“一六、最高法院法官岂可有最低视野？”“一七、法官陈瑞甫、陈满贤、梁松雄不知维护人民权利”是就国民党政府非法没收禁书案看司法黑暗。此案起于台中市政府非法捜查我的母亲张桂贞老太太的住宅，经我出面控告，台中地院法官黄秀得不畏上级压力，判决台中市政府败诉后，经台中高分院法官翁其荣、徐元庆、陈成泉枉法裁判，复经张桂贞上诉，最高法院法官刘焕宇、孙森焱、曾桂香、林奇福、罗一宇认
001.为司法黑暗发榜.txt	65	耐人寻味	第九组、“一二、驳台中高分院翁其荣、徐元庆、陈成泉三推事”“一三、驳台中高分院法官林松虎”“一四、最高法院的判决笑话”“一五、最高法院竟比警总还警总！”“一六、最高法院法官岂可有最低视野？”“一七、法官陈瑞甫、陈满贤、梁松雄不知维护人民权利”是就国民党政府非法没收禁书案看司法黑暗。此案起于台中市政府非法捜查我的母亲张桂贞老太太的住宅，经我出面控告，台中地院法官黄秀得不畏上级压力，判决台中市政府败诉后，经台中高分院法官翁其荣、徐元庆、陈成泉枉法裁判，复经张桂贞上诉，最高法院法官刘焕宇、孙森焱、曾桂香、林奇福、罗一宇认
001.为司法黑暗发榜.txt	65	锲而不舍	第九组、“一二、驳台中高分院翁其荣、徐元庆、陈成泉三推事”“一三、驳台中高分院法官林松虎”“一四、最高法院的判决笑话”“一五、最高法院竟比警总还警总！”“一六、最高法院法官岂可有最低视野？”“一七、法官陈瑞甫、陈满贤、梁松雄不知维护人民权利”是就国民党政府非法没收禁书案看司法黑暗。此案起于台中市政府非法捜查我的母亲张桂贞老太太的住宅，经我出面控告，台中地院法官黄秀得不畏上级压力，判决台中市政府败诉后，经台中高分院法官翁其荣、徐元庆、陈成泉枉法裁判，复经张桂贞上诉，最高法院法官刘焕宇、孙森焱、曾桂香、林奇福、罗一宇认
001.为司法黑暗发榜.txt	73	杀人如草不闻声	至于法官又应胡秋原之请向台大查询，也是荒唐。台大表面上官样文件所说的“未有‘未续聘’之记载”，并不就是殷海光没有被迫害的证明。这正是附卷中殷海光亲笔《我被迫离开台湾大学的经过》一文中所说的：“这一现象也可以使我们明白，今日台湾真正的内情很不容易从表面看清楚。”——表面是未“未续聘”，实际却早就不能教书了。今日台大只会回信写“未续聘”，却不敢写“未禁教（未禁止教书）”，此中奥妙，耐人寻味。法官陈国梁、刘景星、张连财置衰病侵寻的被迫害当事人这一附卷文证于不问，反倒曲法阿世，回护当年国民党政府的“白色恐怖”，竟说：“台大
001.为司法黑暗发榜.txt	73	耐人寻味	至于法官又应胡秋原之请向台大查询，也是荒唐。台大表面上官样文件所说的“未有‘未续聘’之记载”，并不就是殷海光没有被迫害的证明。这正是附卷中殷海光亲笔《我被迫离开台湾大学的经过》一文中所说的：“这一现象也可以使我们明白，今日台湾真正的内情很不容易从表面看清楚。”——表面是未“未续聘”，实际却早就不能教书了。今日台大只会回信写“未续聘”，却不敢写“未禁教（未禁止教书）”，此中奥妙，耐人寻味。法官陈国梁、刘景星、张连财置衰病侵寻的被迫害当事人这一附卷文证于不问，反倒曲法阿世，回护当年国民党政府的“白色恐怖”，竟说：“台大
001.为司法黑暗发榜.txt	73	曲法阿世	至于法官又应胡秋原之请向台大查询，也是荒唐。台大表面上官样文件所说的“未有‘未续聘’之记载”，并不就是殷海光没有被迫害的证明。这正是附卷中殷海光亲笔《我被迫离开台湾大学的经过》一文中所说的：“这一现象也可以使我们明白，今日台湾真正的内情很不容易从表面看清楚。”——表面是未“未续聘”，实际却早就不能教书了。今日台大只会回信写“未续聘”，却不敢写“未禁教（未禁止教书）”，此中奥妙，耐人寻味。法官陈国梁、刘景星、张连财置衰病侵寻的被迫害当事人这一附卷文证于不问，反倒曲法阿世，回护当年国民党政府的“白色恐怖”，竟说：“台大
001.为司法黑暗发榜.txt	75	遗臭万年	法官陈国梁、刘景星、张连财又说：“至证人胡基峻、林正弘、韦政通、赵天仪等四人，于原审虽分别证称殷海光的课程表有贴出，但不能修其课及门口有人监视云云。核与上述前警总之函内容不符”云云，更是枉法之言。依法，“公文书所载之事实另有来源，而就其来源调查之结果不能认为确实时，亦未便因其为公文书之故，遽谓事实审法院未予采取为违法。”（三二上二七〇）台大与警总官衙回信，正是不可盲目相信的公文书，并且也不足以印证李敖文中所说事项。法官陈国梁、刘景星、张连财故意以不相干、不完整、不确实的公文书以偏概全，殊违判例。刑事诉讼法第一五五条
001.为司法黑暗发榜.txt	79	官官相护	这一冤狱，我曾以再审寻求救济，但是与陈国梁、刘景星、张连财同属高院刑庭的法官李相助、龚永昆、刘鑫桢以裁定驳回了它。官官相护，我一点也不惊异。
001.为司法黑暗发榜.txt	83	欲加之罪，何患无辞	第十三组——“二六、欲减之罪，何患无辞”是就我控告胡秋原的案子被法官大事化小看司法黑暗。先是胡秋原在《中华杂志》写文章，以连载形式，时间前后长达九个月、内容丰富长达十七万字，其中诽谤李敖，被李敖告到法院。结果，胡秋原刑事上被判罪定谳、民事上也初赔了李敖三十五万属实。本来这个案子是非常明显的加重诽谤罪，但胡秋原行文最高检察署，要求提起非常上诉。最高检察署检察总长石明江，知道胡秋原出身国民党立法委员，来头不小，竟违法提起非常上诉，而最高法院法官蒋嵘华、郑汉龙、丁锦清、黄聪明、刘敬一也跟进，竟把加重诽谤改为公然侮辱。——
001.为司法黑暗发榜.txt	83	光明正大	第十三组——“二六、欲减之罪，何患无辞”是就我控告胡秋原的案子被法官大事化小看司法黑暗。先是胡秋原在《中华杂志》写文章，以连载形式，时间前后长达九个月、内容丰富长达十七万字，其中诽谤李敖，被李敖告到法院。结果，胡秋原刑事上被判罪定谳、民事上也初赔了李敖三十五万属实。本来这个案子是非常明显的加重诽谤罪，但胡秋原行文最高检察署，要求提起非常上诉。最高检察署检察总长石明江，知道胡秋原出身国民党立法委员，来头不小，竟违法提起非常上诉，而最高法院法官蒋嵘华、郑汉龙、丁锦清、黄聪明、刘敬一也跟进，竟把加重诽谤改为公然侮辱。——
001.为司法黑暗发榜.txt	83	瞒天过海	第十三组——“二六、欲减之罪，何患无辞”是就我控告胡秋原的案子被法官大事化小看司法黑暗。先是胡秋原在《中华杂志》写文章，以连载形式，时间前后长达九个月、内容丰富长达十七万字，其中诽谤李敖，被李敖告到法院。结果，胡秋原刑事上被判罪定谳、民事上也初赔了李敖三十五万属实。本来这个案子是非常明显的加重诽谤罪，但胡秋原行文最高检察署，要求提起非常上诉。最高检察署检察总长石明江，知道胡秋原出身国民党立法委员，来头不小，竟违法提起非常上诉，而最高法院法官蒋嵘华、郑汉龙、丁锦清、黄聪明、刘敬一也跟进，竟把加重诽谤改为公然侮辱。——
001.为司法黑暗发榜.txt	83	上下其手	第十三组——“二六、欲减之罪，何患无辞”是就我控告胡秋原的案子被法官大事化小看司法黑暗。先是胡秋原在《中华杂志》写文章，以连载形式，时间前后长达九个月、内容丰富长达十七万字，其中诽谤李敖，被李敖告到法院。结果，胡秋原刑事上被判罪定谳、民事上也初赔了李敖三十五万属实。本来这个案子是非常明显的加重诽谤罪，但胡秋原行文最高检察署，要求提起非常上诉。最高检察署检察总长石明江，知道胡秋原出身国民党立法委员，来头不小，竟违法提起非常上诉，而最高法院法官蒋嵘华、郑汉龙、丁锦清、黄聪明、刘敬一也跟进，竟把加重诽谤改为公然侮辱。——
001.为司法黑暗发榜.txt	83	莫须有	第十三组——“二六、欲减之罪，何患无辞”是就我控告胡秋原的案子被法官大事化小看司法黑暗。先是胡秋原在《中华杂志》写文章，以连载形式，时间前后长达九个月、内容丰富长达十七万字，其中诽谤李敖，被李敖告到法院。结果，胡秋原刑事上被判罪定谳、民事上也初赔了李敖三十五万属实。本来这个案子是非常明显的加重诽谤罪，但胡秋原行文最高检察署，要求提起非常上诉。最高检察署检察总长石明江，知道胡秋原出身国民党立法委员，来头不小，竟违法提起非常上诉，而最高法院法官蒋嵘华、郑汉龙、丁锦清、黄聪明、刘敬一也跟进，竟把加重诽谤改为公然侮辱。——
001.为司法黑暗发榜.txt	85	官官相护	第十四组——“二七、法官施俊尧的枉法审理”“二八、法官陈国梁、刘景星、张连财的又一枉法裁判”是就另一场我控告胡秋原公然侮辱的案子看司法黑暗。这一组文字告诉了我们，法官施俊尧、陈国梁、刘景星、张连财如何公然违反证据法则，开脱被告的犯罪事实、抹杀证人的正确回忆。这一案子，我曾以再审状寻求救济，一九九四年四月七日，与陈国梁、刘景星、张连财同属台湾高等法院刑庭的法官王振兴、张剑男、周庆光以裁定驳回了它。官官相护，我一点也不惊异。
001.为司法黑暗发榜.txt	89	孤陋寡闻	法官房阿生、蔡光治、黄赛月最令人不解的，是他们的生活常识，他们认定要“市面出售”的才算，但什么算“市面出售”？卷中有李敖提出买《中央日报》《联合报》合订本的证据，买这些合订本，“市面”是绝对买不到的，而要径向该报社去买，一如要向胡秋原的杂志社去买，这样不“市面”，是否即非商业行为呢？是否即非散布行为呢？这通吗？这种孤陋寡闻，竟出自“中华民国高等法院法官”的笔下，真未免“没见过市面”了吧？何况“市面”上且专有邮购商店、国际上且有邮购百货公司，照法官房阿生、蔡光治、黄赛月的标准，这些商店与公司，当然是绝不存在的哟！
001.为司法黑暗发榜.txt	91	口口声声	法官房阿生、蔡光治、黄赛月口口声声咬定是“捜购”，但不买，又凭何得悉书中有诽谤之言？又从何附证而向法院提出？难道只能去图书馆去读该杂志，不许买，才能成立吗？这不是笑话吗？
001.为司法黑暗发榜.txt	93	黄鱼两吃	第十六组——“三〇、质问施启扬和法官李炫德、黄清江、王锦村、庄秋桃”是就高雄市政府巧取豪夺土地案看司法黑暗。先是高雄市政府在一九八七年实施“九期计划”，重划了汪家的土地，该市政府国民党官吏却动手脚，在法定权限以外，吃掉了汪家六百多坪土地，约合二亿五千多万元。怎么吃掉的呢？用的是“李代桃僵法”。所谓桃僵，是一九七一年高雄市政府有一个“临海计划”，用这个计划要求汪家出具切结书，答应官方条件。但是，“临海计划”根本没有实施，桃早就僵了。依法，既以实施“临海计划”为条件而做了提供重划费用的切结书，既未实施，切结书自应以条件
001.为司法黑暗发榜.txt	93	李代桃僵	第十六组——“三〇、质问施启扬和法官李炫德、黄清江、王锦村、庄秋桃”是就高雄市政府巧取豪夺土地案看司法黑暗。先是高雄市政府在一九八七年实施“九期计划”，重划了汪家的土地，该市政府国民党官吏却动手脚，在法定权限以外，吃掉了汪家六百多坪土地，约合二亿五千多万元。怎么吃掉的呢？用的是“李代桃僵法”。所谓桃僵，是一九七一年高雄市政府有一个“临海计划”，用这个计划要求汪家出具切结书，答应官方条件。但是，“临海计划”根本没有实施，桃早就僵了。依法，既以实施“临海计划”为条件而做了提供重划费用的切结书，既未实施，切结书自应以条件
001.为司法黑暗发榜.txt	95	李代桃僵	“临海计划”桃僵后十六年，官方来了“九期计划”硬说“九期计划”即“临海计划”’以“李代桃僵法”硬说两计划同一。但是桃是桃、李是李，要僵尸复活，得复活出桃僵尸才行，怎么能“指李为桃”呢？固然古代宦官有“指鹿为马”的笑话，不过宦官只是自己出丑，法官并不为宦官背书。但是，在巧宦施启扬带领下的台湾法官，从高雄地院的法官李炫德到高雄高院的法官黄清江、王锦村、庄秋桃，却居然判出了鹿就是马、桃就是李！——受害人汪家在土地被巧取豪夺，辛苦张罗七百万的裁判费送请法院做正义裁判，换来的判决竟粗糙如此！这是哪一国的裁判品质呢？
001.为司法黑暗发榜.txt	95	指鹿为马	“临海计划”桃僵后十六年，官方来了“九期计划”硬说“九期计划”即“临海计划”’以“李代桃僵法”硬说两计划同一。但是桃是桃、李是李，要僵尸复活，得复活出桃僵尸才行，怎么能“指李为桃”呢？固然古代宦官有“指鹿为马”的笑话，不过宦官只是自己出丑，法官并不为宦官背书。但是，在巧宦施启扬带领下的台湾法官，从高雄地院的法官李炫德到高雄高院的法官黄清江、王锦村、庄秋桃，却居然判出了鹿就是马、桃就是李！——受害人汪家在土地被巧取豪夺，辛苦张罗七百万的裁判费送请法院做正义裁判，换来的判决竟粗糙如此！这是哪一国的裁判品质呢？
001.为司法黑暗发榜.txt	103	明镜高悬	三十多年来，我过眼过手的法官虽然多达数百、虽然黑暗重重，但有两点好话，我也该一说：第一，法官并非每件案子都黑暗，偶有明镜高悬之例，也不可抹杀，一如大宦官刘瑾虽坏，《法门寺》中还是做了一件好事。这种人做了好事，该肯定的也要肯定；第二我敢说
001.为司法黑暗发榜.txt	144	无所遁形	以上人数，以案件计算，不问重复，共四百五十人，还都是“从严录取”的，若放宽尺度，“黑暗”以外，“灰暗”也算，则可非议的法官，人数将近五百了。这是我李敖三十多年来与国民党法院周旋的大成绩，我坚决相信：只有“点名批判”、“公布姓名”的办法，才能使法官知所警惕、无所遁形，进而形成外压力，促成司法的改革。否则法官失职，人不知鬼不觉，判决下来，只知道是“地院判决”、“高院判决”、“最高判决”，人们只能归罪法院，而不能揪出法官，这样认庙不认和尚，绝非良策。须知法院是空的、法官是实的。只有紧迫盯人，才能找出病原所在。——坏事毕竟
002.钟曜唐——这样的法官配做院长吗？.txt	3	十年前，	我在《千秋·冤狱·党》（《李敖千秋评论丛书》第一期）里，收有一篇《一个联合造成的冤狱》，公布十年前，我第一次遭到国民党以冤狱方法整我的内幕。其中提到一个叫钟曜唐的法官，“态度粗暴”，程序违法。但是，这样对当事人“态度粗暴”的法官，对他的上司，却一定另有一副面孔，不然的话，他不会官运亨通，摇身一变，变成了台北地方法院板桥分院的院长。
002.钟曜唐——这样的法官配做院长吗？.txt	3	摇身一变	我在《千秋·冤狱·党》（《李敖千秋评论丛书》第一期）里，收有一篇《一个联合造成的冤狱》，公布十年前，我第一次遭到国民党以冤狱方法整我的内幕。其中提到一个叫钟曜唐的法官，“态度粗暴”，程序违法。但是，这样对当事人“态度粗暴”的法官，对他的上司，却一定另有一副面孔，不然的话，他不会官运亨通，摇身一变，变成了台北地方法院板桥分院的院长。
002.钟曜唐——这样的法官配做院长吗？.txt	15	案重初供	吕安仁、林金生、杨国镇、黄灵书四个人被捕后，林金生㈠在派出所供称：“我就拔起扁钻手中握住，先往梁某脸部揍一拳，反过揍林某，连续再用扁钻往梁某身上刺杀一刀。”“是从梁某右腰部位杀了一刀。”“其他三位同伴都没出手。”⑥㈡对检察官供称：“我生气就打他们，并用扁钻撞他们一刀。”“当时动手的只有我一人。”⑦㈢在中山分局复讯，也如此说。㈣在台北宪兵队询问中，也如此说。㈤在军事检察官第一次侦讯中，也如此说。直到最后，在军事检察官第二次侦讯中，才为了减刑，推翻上述㈠㈡㈢㈣㈤前后五次初供。因为军法判决程序与细密不如司法，所以从速在“
003.为翁媳命案抱不平.txt	15	换汤不换药	八年来，他的案子表面上打得劳师动众，骨子里却无动于“中”，因为他人微望轻，“一朝入公门，九牛拉不出”。过手的法官虽多达八十五人，但大都是虚应故事，这种结论，从前后二十三份判决书中，不难比对出来。结果不外是抄来猜去，不是换汤不换药，就是连汤都不换，对张国杰的案情，并无实质上的深入审酌和根本改变。例如高院更一以前都判有共犯，判一个死刑；更二判没有共犯，也是一个死刑；更三判一个无期，一个死刑；更四以后都判两个死刑。这对张国杰而言，除了使他益形痛苦外，毫无新的光明。
003.为翁媳命案抱不平.txt	27	案重初供	一、警局讯问，并不是六月二十四日这一次，而是前后有十次之多，但是其他九次（六月十三、六月十四，六月十七、六月二十一、六月二十八、七月十二、八月十六、十月十七），张国杰都没承认杀人。试问“六月二十四日”那一次前有五次否认，后有四次否认，为什么这九次否认时候讯问人不“晓以大义”呢？九次否认都不采，独采一次承认的，这不是“罪疑唯轻”的法曹心怀吧？也不是“案重初供”的经验法则吧？
003.为翁媳命案抱不平.txt	37	和盘托出	其含混承认后，就犯罪之动机及所用凶器为何，即不继续和盘托出，亦即付之阙如。
003.为翁媳命案抱不平.txt	41	和盘托出	一、不是刚刚说：“在讯问人刘友桂晓以大义之后”，张国杰“已供认于六十二年一月十日上午至被害人家，杀死被害人”了吗？按照经验法则与论理法则，在“大义”下供认杀人后却不继续在“大义”下“和盘托出”动机和凶器，有此必要吗？怎么一分钟前还“大义”，一分钟以后就不“大义”了呢？
003.为翁媳命案抱不平.txt	43	和盘托出	二、如果张国杰在“大义”以后后了悔，不再继续“和盘托出”，那么他在侦讯笔录上就不会签名了，因为最后签名前，他有的时间不止一分钟，不“和盘托出”的后悔，当然在最后签名以前，他既后悔于先，自然就不会签名于后。这是常识。
003.为翁媳命案抱不平.txt	99	避重就轻	这里所谓“指纹、足印无法分析”之说，是完全避重就轻属，因为现场明明由警方采列“血足印”和衣橱门英文字典所留的“血指纹”，经调查结果，不是张国杰的，可见凶手别有其人。所以地院的判决想象说：“血指印与被告及死者，现场工作人员之指纹均不符，核系与被告共同行凶之共犯所留。”高院的判决照抄这一想象，更一的判决又照抄，但到了更二的判决，说没有共犯了，但指纹“虽均与上诉人之指纹不同，然亦不能据以推断系共犯所留”。但是法官没想象到，指纹不是张国杰的，又是谁的？到了更四，进一步想象说：“现场血脚印系现场破坏后所遗存，虽不能证明与上诉
003.为翁媳命案抱不平.txt	99	不了了之	这里所谓“指纹、足印无法分析”之说，是完全避重就轻属，因为现场明明由警方采列“血足印”和衣橱门英文字典所留的“血指纹”，经调查结果，不是张国杰的，可见凶手别有其人。所以地院的判决想象说：“血指印与被告及死者，现场工作人员之指纹均不符，核系与被告共同行凶之共犯所留。”高院的判决照抄这一想象，更一的判决又照抄，但到了更二的判决，说没有共犯了，但指纹“虽均与上诉人之指纹不同，然亦不能据以推断系共犯所留”。但是法官没想象到，指纹不是张国杰的，又是谁的？到了更四，进一步想象说：“现场血脚印系现场破坏后所遗存，虽不能证明与上诉
003.为翁媳命案抱不平.txt	175	众说纷纷	可见凶器来源，众说纷纷，忽而自备前往，忽而在王家拾起，忽而在王家取得，判案不讲究客观证据，却以主观想象来随时更改证据，这叫什么自由心证？凶案当时凶器的来源，事实上只有一种，可是法官们却判出这么多种以上，这不是自由心证，这是猜谜！
003.为翁媳命案抱不平.txt	205	牵强附会	五、为支票轧头寸，滔滔者天下皆是也，试问有谁轧头寸不遂杀了人了？林晃以这种理由做为张国杰犯罪动机，岂非过于牵强附会。
003.为翁媳命案抱不平.txt	207	倒果为因	六、王瑶说张国杰去“贷款济急”，但是并没有证据证明张国杰经济情况不好，有“贷款济急”的必要。事实上，张国杰当时的经济情况尚可以。他后来退票，是因把支票借给朋友崔云奎，被崔云奎拆滥污造成的，又怎能倒果为因，罗织入罪？
003.为翁媳命案抱不平.txt	257	草菅人命	我写这篇文章的主旨，不在说张国杰是凶手或不是凶手，我的主旨是说不论张国杰是不是凶手，判他死刑，没有“积极证据”是不行的，不断的凭法官的推测或拟制更是不行的。这样的审判，将是一切草菅人命的根据。为了证明我对法官不是泛泛指摘，在这篇文章中，我一一用了细腻的排比和举证。从这些排比和举证中，我们可以看到法官怎样在捏造证据（如“七时许”改“九时许”；没退票说退票）、怎样在抹杀证据（如“血指纹”、“血足印”、“一铁锤”）、怎样在幻想共犯、怎样在幻想凶器、怎样在幻想情节。……有这么多法律文书在我们眼前，我们真的无法不说：在这样的
004.从华定国冤狱到吕德冤狱.txt	7	同流合污	华定国冤狱被你平反后，人犯们奔走相告，对你都有好评，他们认为，在他们饱受一个个法官的不公正伤害里，他们终于看到一位法官不同流合污了，终于碰到一位法官肯关心他们的冤情和苦难了，他们给你起了一个外号，叫做“谷青天”。
004.从华定国冤狱到吕德冤狱.txt	11	天外有天	如今，在拖成陈年老案后，张国杰终于碰到了“谷青天”，你的又一次的勇气，使人们知道：虽然这个岛上法外有法，却也天外有天，在阴霾的笼罩下，毕竟也透下几丝光明。
004.从华定国冤狱到吕德冤狱.txt	31	灰头土脸	人犯在警察手里不成人形以后，又在看守所里面目全非，又在法官手里灰头土脸。最后是坐穿牢底或伏尸刑场。这种种冤情，又教人怎么坐视呢？
004.从华定国冤狱到吕德冤狱.txt	31	面目全非	人犯在警察手里不成人形以后，又在看守所里面目全非，又在法官手里灰头土脸。最后是坐穿牢底或伏尸刑场。这种种冤情，又教人怎么坐视呢？
004.从华定国冤狱到吕德冤狱.txt	81	生不如死	事情经过于民国六十八年八月二十日上午七点多，我和吕振裕从新庄到新店山上要拿我以前租用的猪舍押金，因租期为二年，期已满了，但那天我们到山上猪舍那里已九点，主人已出去，我问那里的人说可能出去买菜，十点左右会回来，我们就等在那里，快十一点了还没有回来，那天我因十二点要接车，运猪到苗栗杀，所以就赶回新庄要接车，路过板桥中山路口时，可能五十公尺左右刚好红灯我车慢下来，路边有一个手提小皮包，那时吕振裕下去拾起，刚好便（变）灯了，我又驱车走了，走了一段路一公里左右，吕振裕告诉我，皮包内有现金大约五、六万，他问我要如何，我说时间不
004.从华定国冤狱到吕德冤狱.txt	99	铁面无私	我因急着要回来开车运猪到苗栗去杀，所以就赶回新庄，路过板桥民权路口红灯停车，吕振裕看到路边有一个皮包拾起来，那时已换绿灯了，所以我也没有注意是拾了什么东西，等走了可能有一公里后吕振裕告知我包里有现金也，他问我怎么办，我说我急着要开车，我回家后你才送警，真的怎样也想不到，会找来这么大的祸。但我内心一直想总有一天会有一位真正公平有道德的好法官还我清白吧！我含冤至今已二年过四个多月了，被判四次死刑，但我还是满心的自信，因古人说，人害人决定不会死的，只要老天爹（爷）有眼，相信不久的蒋（将）来一定会出现一位铁面无私的好法官审
004.从华定国冤狱到吕德冤狱.txt	101	生不如死	我们民国六十八年八月二十日中午十一点多被叫到分局，所做的真正的笔录没有送。因那些狗子发现我冒用雷阿木的名字，就开始刑我打我，后来我受不了，就讲出我真正的名，我当时也告诉他们，我是被庄世钟顾（故）意要害我，指我和他的抢人家的钱，已被通缉，所以才冒用雷阿木之名，那个时间是民国六十八年八月二十日下午一点，一直问到当天六点，我们实在没有抢，也讲不出抢案的经过，从六点多开始七、八个用各种不人道的手段，也弄不到什么有关抢案的事，到了晚上十一点多就把我们内衣内裤都脱光，才捆起来吊起来灌水又问，比死还难过，但实在没有做，也讲不出什
005.人间何处有青天.txt	9	无所遁形	所谓“开明”的内容，原来是沈之岳做了惊人的谈话，大意是说：调查证据时，“刑求”已是过时的落伍的求证方法。凡是刑求逼供得来的证据，在送到法院后，嫌疑犯就立刻翻供呼冤，等于前功尽弃。并且，刑求逼供得来的证据，都不可靠，因为那本是三木之下乱说一通的结果，非但无补于案情的明了，反倒会因乱攀乱扯，而使案情复杂，更增加破案的困难。结果不旦案子难破，还使小百姓受苦含冤。现代的办案方法，乃是完全根据科学方法和仪器的结论，如“远程照相机”、如“红外线照相机”、如“遥控制无线电录音机”，这些完全准确的“千里眼”和“顺风耳”，都是使嫌疑
005.人间何处有青天.txt	21	故态复萌	不论行政，司法官署，及何种案件，一概不准刑讯，鞫狱当视证据之充实与否，不当偏重口供。其从前不法刑具，悉令焚毁，仍不时派员巡视，如有不肖官司，日久故态复萌，重煽亡清遗毒者，除褫夺官职外，付所司治以应得之罪！
005.人间何处有青天.txt	25	画蛇添足	我这段话的重点，显然是点破国民党沈之岳所宣布的不再“刑求”，其实早在五十四年以前就由国民党总理宣布过，国民党总理远在五十四年前就向我们保证了的事，拖到五十四年以后，再由国民党特务头子重申保证，设非“刑求”依旧，此一重申，岂非画蛇添足也哉？出自国民党总理之口的保证，“‘总理遗教’的信徒”尚不能恪遵；出自国民党特务头子之口的保证，我们还能相信、还能不“称赞”吗？
005.人间何处有青天.txt	31	满城风雨	在这次饭局前几天，王淦代表沈之岳来约吃饭的时候，正巧碰到我要出门，他就顺便搭了我的便车，说进城去看个朋友。说这个朋友你李先生一定听说过，他叫王琪，我说他不是和王镇一起因贪污被关起来，闹得满城风雨的吗？王淦说正是他，你李先生记忆真好。
005.人间何处有青天.txt	33	天方夜谭	王镇是台北地方法院检察官。一九六三年因“假出口退税案”涉嫌，与王琪、莫煚一起案发。司法行政部长郑彦棻非法把王镇送到警总修理，四月二十七日，王镇的太太仝道媛突然向立法院监察院请愿，说她丈夫被刑讯成伤，并在立法院向郑彦棻下跪，请求制止，司法大厦的检察官们群情大哗，认为刑求刑求到检察官头上，这还得了，于是集体向郑彦棻抗议，事情闹开了后，警总说王镇乃是“自行造伤”，并且“殴打李中校”，警总和“李中校”是不会刑求人的。（这位“李中校”，叫李彬如，后来升上校了，在一九七一年奉警总保安处长吴彰炯之命，刑求过我，所以说王镇“自行造
005.人间何处有青天.txt	43	不了了之	姚嘉荐命案是二十五年前轰动台湾的第一大案，发生在一九五九年七月十八日。因蒋中正下手令“查明事实，从严侦办”，遂由调查局改办。在第二年一月二十六日，调查局改变了姚嘉荐系自杀的官方纪录，平了官方的反，改说是谋杀，把全案移送台北地检处，旋即提起公诉。三月二十四日，台北地院宣判，七名被告均处重刑。计开黄学文、林祖簪、游全球、王蔼云四人，死刑；吴亮、陈华洲，无期徒刑；杨熏春，十六年。此后一直审了又判、判了又审、审了又判、判了又审，前后拖了十八年，更审九次，直拖到一九七六年十一月二十三日，最高法院才予以定谳。定谳时的判刑是：林
005.人间何处有青天.txt	43	口口声声	姚嘉荐命案是二十五年前轰动台湾的第一大案，发生在一九五九年七月十八日。因蒋中正下手令“查明事实，从严侦办”，遂由调查局改办。在第二年一月二十六日，调查局改变了姚嘉荐系自杀的官方纪录，平了官方的反，改说是谋杀，把全案移送台北地检处，旋即提起公诉。三月二十四日，台北地院宣判，七名被告均处重刑。计开黄学文、林祖簪、游全球、王蔼云四人，死刑；吴亮、陈华洲，无期徒刑；杨熏春，十六年。此后一直审了又判、判了又审、审了又判、判了又审，前后拖了十八年，更审九次，直拖到一九七六年十一月二十三日，最高法院才予以定谳。定谳时的判刑是：林
005.人间何处有青天.txt	43	水落石出	姚嘉荐命案是二十五年前轰动台湾的第一大案，发生在一九五九年七月十八日。因蒋中正下手令“查明事实，从严侦办”，遂由调查局改办。在第二年一月二十六日，调查局改变了姚嘉荐系自杀的官方纪录，平了官方的反，改说是谋杀，把全案移送台北地检处，旋即提起公诉。三月二十四日，台北地院宣判，七名被告均处重刑。计开黄学文、林祖簪、游全球、王蔼云四人，死刑；吴亮、陈华洲，无期徒刑；杨熏春，十六年。此后一直审了又判、判了又审、审了又判、判了又审，前后拖了十八年，更审九次，直拖到一九七六年十一月二十三日，最高法院才予以定谳。定谳时的判刑是：林
005.人间何处有青天.txt	49	若合符节	萧道应的鉴定，出具于姚嘉荐死后半年。所谓姚嘉荐是遭受注射巴拉松中毒致死，全是和刑求取供若合符节的，不但学理不符，并且理由矛盾，违反经验法则，不足采信。何况姚嘉荐的内脏，曾经调查局送由台湾省卫生试验所化验无毒，巴拉松发明人日本熊本大学教授世良完介及日本法医学会会长上野正吉也鉴定认为，巴拉松中毒特征为瞳孔极度缩小，但姚嘉荐的瞳孔却散大，可证非巴拉松中毒。又一九七三年间，高院将叶昭渠、萧道应两份鉴定送请台湾省医疗纠纷鉴定委员会鉴定，鉴定结果，也认为是叶昭渠鉴定正确。但是国民党的法官硬是要做不合法不合情不合理的判决，这不是
005.人间何处有青天.txt	63	信口开河	四、吴亮一九五九年十二月九日在调查局笔录中，仅说明发现自缢情形，和恐庄立铭记恨而转移睡处。同日下午八时三十分的四八侦字六二九号侦讯笔录中，亦复如此。但后来遭受刑求，在正调字第一四七号调查笔录中，就诬服为：“有黄学文、杨熏春、游全球、林祖簪等人参加动手，我在大门担任把风工作。”“有黄学文、杨熏春、游全球、林祖簪等四人在现场。”“据我所知，是先勒死后吊在门上的。”以上黄学文、游全球、吴亮等的口供中，都明显看出纰漏丛生、矛盾重重的痕迹，不但被告和被告互不一致，被告自己和自己也前后不合，这些矛盾，都是人在被刑求后的结果。因
005.人间何处有青天.txt	69	用之则行，舍之则藏	七、所谓湮灭行凶证物部分，也背情悖理。因为区区针头等，若想湮灭，不仅武汉大旅社楼下浴室大火炉已足以烧化，甚且携往中和乡行经重庆大桥（川端桥）时，也可以抛入淡水河中，何至于自找麻烦，带回家中化粪池掘地埋藏？显然是不近情理的事。并且，在检察官起诉书中，载明针头等行凶证物，在经过“小孩来此拾物”及三次台风涨水，都不见了，并说不见了是“情理之常”，但是到了确定判决中，却赫然出现“装置巴拉松之药瓶”！证物忽有忽无，用之则行，舍之则藏，这又算什么？
005.人间何处有青天.txt	71	苛政猛于虎	八、本案最不近情理的基本事实是，黄学文夫妇根本没有杀姚嘉荐的必要，要杀也不可能找别人（找这么多人）伙同，别人更没有“出之以杀”的必要。杀人罪岂是小事，黄学文夫妇何德何能，能够诱别人一起干上这一票？别人又何利何恨，值得一起这样干上一票？尤其其中还有台大教授陈华洲参加，更是不近情理。据陈华洲在法庭供述，问：“黄学文说农药巴拉松是你交给他使用？”答：“黄学文在调查局说是我那里拿的，但我没有承认。后来黄学文被迫指证我，我也被迫承认。确实是没有其事，完全是调查局人员迫供的。”问：“你听过二十分钟的录音谈话内容，有何意见？”答
005.人间何处有青天.txt	75	忍气吞声	三十多年来，我在台湾，目之所见、耳之所闻，知道国民党整人，整出的冤案、假案、错案，极为可观。我两次入狱，在狱里见闻所得，发现这种案子的比例，又占了所有案子的绝大部分，真未免太恐怖了。而身遭司法或军法迫害的老百姓，他们才薄能鲜，又无力喊冤，结果一个个或横尸法场、或瘐死大狱、或坐穿牢底、或忍气吞声，无法使他们的痛苦，传之于外，真教人看不过去。因此我发愿，要在有机会有原始资料的时候，一定予以“个案详追”，我相信只有就“个案详追”的方式做细部功夫，才能把司法的黑暗暴白于世。我在张国杰冤狱上，就是这样做法。这样子的细部功夫，
005.人间何处有青天.txt	143	真的假不了，假的真不了	一、游全球受不了刑求，最后诬服，愿意承认他是杀人犯，但是办案人员还是意犹未尽，硬要他供出共犯。游全球说：“你要我承认可以，但是一定要告诉我有几个人杀，很多人杀？很多人是几个？七个？八个？九个？如何杀法？不然我只能承认我一个人杀的。他们说，你一个人不可能杀。我说，如果我一个人不可能杀，我就没有杀人。”不了解办案人员心态的一般人，一定奇怪，奇怪他们既然存心造冤案、假案、错案，何必不直截了当，写好口供，逼人犯盖指模了事呢？何必费这么多话，这么麻烦呢？这一奇怪，我在第一次做政治犯时候，在警总保安处也发生过。当时吴彰炯少将主
005.人间何处有青天.txt	143	无风不起浪	一、游全球受不了刑求，最后诬服，愿意承认他是杀人犯，但是办案人员还是意犹未尽，硬要他供出共犯。游全球说：“你要我承认可以，但是一定要告诉我有几个人杀，很多人杀？很多人是几个？七个？八个？九个？如何杀法？不然我只能承认我一个人杀的。他们说，你一个人不可能杀。我说，如果我一个人不可能杀，我就没有杀人。”不了解办案人员心态的一般人，一定奇怪，奇怪他们既然存心造冤案、假案、错案，何必不直截了当，写好口供，逼人犯盖指模了事呢？何必费这么多话，这么麻烦呢？这一奇怪，我在第一次做政治犯时候，在警总保安处也发生过。当时吴彰炯少将主
005.人间何处有青天.txt	143	周而复始	一、游全球受不了刑求，最后诬服，愿意承认他是杀人犯，但是办案人员还是意犹未尽，硬要他供出共犯。游全球说：“你要我承认可以，但是一定要告诉我有几个人杀，很多人杀？很多人是几个？七个？八个？九个？如何杀法？不然我只能承认我一个人杀的。他们说，你一个人不可能杀。我说，如果我一个人不可能杀，我就没有杀人。”不了解办案人员心态的一般人，一定奇怪，奇怪他们既然存心造冤案、假案、错案，何必不直截了当，写好口供，逼人犯盖指模了事呢？何必费这么多话，这么麻烦呢？这一奇怪，我在第一次做政治犯时候，在警总保安处也发生过。当时吴彰炯少将主
005.人间何处有青天.txt	143	蛛丝马迹	一、游全球受不了刑求，最后诬服，愿意承认他是杀人犯，但是办案人员还是意犹未尽，硬要他供出共犯。游全球说：“你要我承认可以，但是一定要告诉我有几个人杀，很多人杀？很多人是几个？七个？八个？九个？如何杀法？不然我只能承认我一个人杀的。他们说，你一个人不可能杀。我说，如果我一个人不可能杀，我就没有杀人。”不了解办案人员心态的一般人，一定奇怪，奇怪他们既然存心造冤案、假案、错案，何必不直截了当，写好口供，逼人犯盖指模了事呢？何必费这么多话，这么麻烦呢？这一奇怪，我在第一次做政治犯时候，在警总保安处也发生过。当时吴彰炯少将主
005.人间何处有青天.txt	153	万岁	在我请游全球、林祖簪、王蔼云吃饭后十天（二月六日），能干的黄怡已经完成了《包不住的青天》两万四千字的全稿。在这篇全稿里，黄怡仔细查过全卷，一再访问了游全球、林祖簪、王蔼云，访问了杨熏春，并访问到何祚歆律师。黄怡的全稿，发表在《你的·我的·他妈的》（《万岁评论》第二期）里。这篇文章，自然是中国冤狱史、中国人权史中的重要文献。
005.人间何处有青天.txt	235	锲而不舍	今天，民国七十三年开春，距陈华洲去世，已经二十年了，当年那怆然不已的六个人，只剩下五个人，而且这五个人中，还有一人精神失常。姚案从起诉到定谳，前后共十六年又九个多月，经一、二、三审，最高法院曾九次发回更审，参与审理的推事多达七十多人，所传证人几达二十人，而在定谳后，被告四人又锲而不舍地提起非常上诉，非常上诉被最高检察署驳回后，还准备在最近声请再审。
005.人间何处有青天.txt	245	差强人意	他们四人，目前的年龄是五十六至六十五岁不等，皆可算是生活差强人意，为什么还打算喊冤到底、绝不放弃呢？
005.人间何处有青天.txt	247	水落石出	“因为我们是无辜的，”杨薰春在接受访问时说，“从四十九年二月六日一审起诉后到今天，我们七人不曾要求减刑。如果姚嘉荐是自杀的，请判我们无罪；如果姚嘉荐是我们杀的，判我们死刑。我们不要求减刑，不要折衷，不要冤枉；我们只要求水落石出。”（七十三年一月二十八日口头访问）
005.人间何处有青天.txt	287	蛛丝马迹	十八万对薄有恒产的黄学文而言，依常理固然不易构成“杀人的动机”，但是黄学文究竟有没有“杀人的事实”呢？依据第五分局查访案发时在旅社的十二人，一点儿也找不到黄学文或其他人杀过人的蛛丝马迹。
005.人间何处有青天.txt	357	无所不用其极	在刑讯黄学文时，更是“……将衣服脱光，逼跪碎石砖上，用劲不断鞭打，或将四肢绑于藤椅上，在手脚之十指叉中，插入笔杆竹根，紧扣手脚，痛彻肺腑，犹不释手，以致失却知觉，俨若死人者几次，在此几次中，均由调查局法医萧道应注射药剂，始复苏醒，后又继续其惨无人道之摧残，似此不断刑求之下，达二十天之久，再将全身绑于椅上，用强烈灯光对眼猛射……无所不用其极。”（四十九年六月十一日《黄学文、杨薰春子女呼冤书》）
005.人间何处有青天.txt	361	生不如死	从五月十五日病情恶化，迄今十二天，未能躺着睡了，全靠躺椅上，终日心慌，气急大汗不止，心脏衰竭，已到了穿衣入厕、刷牙洗脸无法自理的地步，这样煎熬，不知还得多时？真是生不如死。
005.人间何处有青天.txt	421	见仁见智	法医学术，不仅学理深奥，且不若其他学科之普及，故设非受有专门教育，特殊训练，丰富之实际勘验经验，并具有不断进修与研究之精神者，实难以胜任或理解。尤以社会科学，见仁见智，固各有说，但自然科学虽不乏因时代之进步而有后说否定前说之事实，不过自然科学之学理，一经试验成立。殊鲜有分歧现象。
005.人间何处有青天.txt	437	走投无路	这些话在历年历次审判，都被采为最重要的证词，尽管陈华洲后来一直否认，说是在逼得走投无路时才照吩咐讲的。
005.人间何处有青天.txt	463	身败名裂	在先，被告杨熏春被台产公司诉请返还台产大楼，在地方法院提出前项伪造之合作契约，获得胜诉，及至四十八年七月十六日上午，姚嘉荐到台湾高等法院作证，乃指明其夫妇伪造文书，将陷彼等身败名裂，因起杀机，即于当日下午四时许，前往陈华洲处，告知姚嘉荐在高院作证情形，陈华洲亦不愿姚嘉荐生存，遂与之共谋杀死姚嘉荐，并予以毒药巴拉松。
005.人间何处有青天.txt	481	不了了之	至于物证一、装巴拉松的瓶子，因为调查局到永和林祖簪住宅附近挖了很久，只挖出一个装“灰锰养”的小瓶子，便不了了之。
005.人间何处有青天.txt	509	一念之间	两相比较之下，就不能不让人感觉法官们实在是大权在握，被告的生与死，根本就在他们的一念之间。
005.人间何处有青天.txt	537	生不如死	黄学文得“反应性精神病”被保外就医前，曾在姚案的公开庭上，哭着向推事说：“请求庭上将没有传讯的证人再传，没有结果的鉴定再为鉴定，我实在以十二万分迫切期待的心情，诚恳的要求送往国外鉴定。为本案我含冤在押十载，诚天下之大不幸者，如今生不如死，请钧长审慎处理，以免含冤九泉。”（当庭泣不成声）
005.人间何处有青天.txt	601	除暴安良	蒙上峰选派，我以督察名义率领佐警，接收全台北市各派出所。当时台北民间自己组织了由刘明领导的纠察队，后改编义勇警察总队，由我兼总队长。在老松国民学校指挥纠察队员训练后，全部队员被分派各派出所充警员，我旋即奉派台北县七星区任警察总所所长，管辖北提、草山、汐止三个分驻所（当时南港与汐止合并一个分驻所），计二十一个派出所，总所在士林，部属所员巡官、巡佐、警员百余人。警察系负除暴安良责任，任务繁重，生活紧张，与我性格不符，所以过了一段时间我辞去警察职务从商。
005.人间何处有青天.txt	603	天有不测风云，人有旦夕祸福	天有不测风云，人有旦夕祸福
005.人间何处有青天.txt	603	天有不测风云	天有不测风云，人有旦夕祸福
005.人间何处有青天.txt	611	打太极拳	因陈监察委员我系在福建省主席戴仲玉家认识，所以我前往拜访他。他说，姚志国来我家拜访，根本没说后援会事，就将我名字登出来。刘戈青系在警务处我认识他，刘说：“姚志国以前我不认识，他来我家拜访没说什么；我曾任刑事警察总队长，政府依法鉴定自杀案件，我怎会同意出名悬赏缉拿凶手呢？我要登广告否认。”有的朋友替我出主意，请刘戈青登广告否认，广告费你出，将报纸剪下，向法院告姚志国伪造文书、造谣惑众罪名，一定成立。我将朋友意见去请教司法院秘书长方扬，他是我国司法特考一届第一名，曾任我家乡福建长汀县县长，我的父母他亦认识，所以他对我的
005.人间何处有青天.txt	623	一干二净	问：你是共产党吗？答不是。问：共产党以前在你家乡（福建长汀）做匪窝，你的乡人许多在匪区做大官。答：我不知道。问：你知道在台湾长汀人哪几个是匪谍？答：不知道。问：你可以保证在台湾长汀人没有一个是匪谍吗？答：不能保证。问：那你就知道许多人是匪谍不愿讲，讲有功可抵罪啦！答：不知道，我没有罪，抵什么罪呢？问：长汀人匪谍傅美玉你认识吗？答：我认识。问：怎么认识的？答：我在南昌街开委托商行时，有一对夫妻进店来买货，他俩讲我家乡（长汀）话，我就和他谈起来，她说她叫傅美玉，她先生陈是招商局船长，买了点东西就走了。问：以后呢？答：我
005.人间何处有青天.txt	667	口口声声	我们七个无辜被捕，被日夜轮流刑求，四个人一组，六个小时换一班，其中二个打手，一个问供，一个笔录，这就需要大量人员；调查局办案人虽被吴雪尘勾串导演了这场冤狱，又作贼心虚，怕被调查局内部正直人员知悉，所以一时间竟找不出这许多人员来做打手，只得到外面临时雇请了一部分，其中有所谓“线民”的，这种打手根本没有一点问案知识，有时候东拉西扯，连他自己亦不知问的是什么。我被打得昏迷过去再醒来时，他就说：看样子你没有杀姚嘉荐，如果有的话，打到这样，你一定会说出来，我刑求了许多匪谍，没有像你这样好汉。我答：不是好汉不好汉的问题，我没有
005.人间何处有青天.txt	673	故态复萌	人系血肉之躯，在这长期折磨中，身心几近崩溃。回想孙中山先生开国之初，发表了《饬内务司法两部严令所属禁止刑讯令》，说“不论行政、司法官署及何种案件，一概不准刑讯”，并声明：“如有不肖官司，日久故态复萌、重煽亡清遗毒者，除褫夺官职外，付所司治以应得之罪。”未想到中山先生发令有近半个世纪，刑求竟仍在继续，真是出乎中山先生意料，他在天之灵亦会深感不安。我觉得在这人间冤狱中，已没有什么道理可讲，亦不容你申辩。这时我只想到以死来解脱皮肉痛苦。
005.人间何处有青天.txt	687	身败名裂	王琪迫签第一张编供后，果然不来了，由另一班来迫供。问：针筒哪里买？我想三楼汀江公寓房客洪玉树去香港，不受与吴雪尘等胁迫，说向洪玉树买将来好由他出证。接着又问毒药哪里来。我答：王琪说，特务用很毒的药，只有向药店买。刑手说不对。有一组审问人，很有道德，他问：你妹夫是医生吗？我答是。他问：毒药是不是他拿的？我答：根本没有杀人事，我的妹夫哪有给我什么毒药呢？他说：今天我很忙，但是他们要我来接班，如果你妹夫没给你毒药，他有妻儿子女，你就说没有。过了几天，换一班拿了陈华洲口供来，笑咪咪说：陈华洲是台湾大学农学院教授，将化验剩余
005.人间何处有青天.txt	697	变本加厉	迫签了检察官叶炳福、法医叶朝渠博士等受贿包庇杀姚编供后，他们又怕我的亲戚、朋友替我主持正义，又要编供我的亲戚朋友受贿。他们一定要迫我说出有个派出所警员因案到我家托情，说：这是你太太讲的。我说：你说出是哪个派出所警员，我又不认识任何派出所警员。于是，他们便变本加厉刑讯。这时我想，虽然有某银行警卫堂兄弟因砍了数根公有林小事，在法院杨姓女儿法官办理时，要求从轻发落，即便说出来亦无关系；但是想到在调查局所说应是假的，不能有真，否则到了法院，法官对我在调查局的迫供真假难分，还会使法官认为我没有种，怕替我主持正义，而且自己倒霉
005.人间何处有青天.txt	709	息事宁人	我们由地院法警戴上手铐押上法庭，此时法院挤满了观看的人群，还有许多记者旁听。曾任国民学校校长、警察总所所长等职的我，素来替人排解是非，息事宁人，一生奉公守法、苦心经营，现竟被构陷为杀人凶手，戴着手铐上法庭，见此受冤屈情景，羞耻得真想碰地而死。但内心仍抱着法律保障人权信念，认为我们向庭上伸冤，要求调查冤情反证，只要地院能求真求实，均可查出每一指控都为编供，故意陷害，立可宣告无罪，还我清白。哪知我们押进法庭，由王琪率领的大批调查局人员，早坐满在旁听席上，因为我们以前被调查局送到法院看守所，又突然被押回调查局，所以心中均
005.人间何处有青天.txt	711	异口同声	我们自被调查局非法逮捕，一直到法院开庭，始终被严密个别拘押。虽然如此，虽然处此受威胁恶境，但我们均喊“冤枉”，异口同声说“冤枉”，一致申诉在调查局的口供是刑求的，是调查局人员迫我们向唐检察官背诵杀姚。我举起被刑求受伤的双手给曹庭长看，谁知他不但没有命令验伤，竟说这一点伤算什么。我想脱掉衣服将全身伤痕给法官看，回头一看王琪及那批凶猛打手坐在椅上，凶神恶煞，实使我可怕。各蒙冤人此时均不敢大胆申述被调查局刑求迫供详细经过。这时，我们要求调查有利事实，法官不予理睬，我向法庭申述有利口供，他们亦用手制止，不给我说下去。
005.人间何处有青天.txt	721	九霄云外	地院儿戏般冤判我们一群无辜死刑、重刑后，我们被押在看守所，死刑一律戴上脚镣。脚一动，锒铛响，心就痛，数天来吞不下饭。天呀，竟凭恶势力要我死就得死！这些法官为了要保前途官位、升官发财，竟然把良心道德责任抛到九霄云外，不顾无辜痛苦死活，岂能不受到天理责罚！（后来，曹德成果然升到台湾高等法院院长宝座，但早已被李元簇骂死。）
005.人间何处有青天.txt	739	敷衍了事	鉴定且尚未确定，即证明高等法院对于姚嘉荐自杀或他杀尚未调查清楚，有待查明。但是最后，高等法院硬是给王蔼云、游全球、林祖簪、吴亮、杨熏春做出冤判！甚至相隔鉴定书遗失三年多，最高法院亦“郑重其事”、敷衍了事地做出了最后“定谳”！这不是违法，又是什么？
005.人间何处有青天.txt	745	忍无可忍	我一向相信法律保障人权，为民服务，凡事遵循法律行事，却竟梦想不到被送进了冤狱。几次三审更审，法院把我们推来推去，已不愿冤杀我，又不敢宣告无罪。在死囚里，听脚镣锒铛，无处申冤，实在忍无可忍，因此夜不能眠，日不思食。但这时，我总感觉到创造宇宙万物之神——上帝时刻在我身边保佑我、安慰我；紧急危难时，神好像在我身边对我说：“你不要怕，我会保佑你平安。”
005.人间何处有青天.txt	747	若无其事	台北看守所常羁押一百多名死刑被告，他们均押在二舍。最高法院似乎全在星期三、四判决，判决后，均在中央日报等报上发表。那时，死刑犯被最高法院判决后，虽然可以向最高检察署提出非常上诉，但仍是最高法院覆判，最高法院又只是那九个人复判，当然仍是死刑。所以经最高法院判决死刑的案子，等于死定，没有一点挽救余地。在看守所时只准看中央日报，看守所管理员为预防被判决死者一时精神紧张而乱事，就将报纸剪空，如果报纸载经最高法院判决一个死刑案子，则剪一个洞，二个死刑案则剪二个洞。如被判死刑已决定的人的家属未接见时，看守所怕家属会告知，即停止
005.人间何处有青天.txt	747	视死如归	台北看守所常羁押一百多名死刑被告，他们均押在二舍。最高法院似乎全在星期三、四判决，判决后，均在中央日报等报上发表。那时，死刑犯被最高法院判决后，虽然可以向最高检察署提出非常上诉，但仍是最高法院覆判，最高法院又只是那九个人复判，当然仍是死刑。所以经最高法院判决死刑的案子，等于死定，没有一点挽救余地。在看守所时只准看中央日报，看守所管理员为预防被判决死者一时精神紧张而乱事，就将报纸剪空，如果报纸载经最高法院判决一个死刑案子，则剪一个洞，二个死刑案则剪二个洞。如被判死刑已决定的人的家属未接见时，看守所怕家属会告知，即停止
005.人间何处有青天.txt	747	万岁	台北看守所常羁押一百多名死刑被告，他们均押在二舍。最高法院似乎全在星期三、四判决，判决后，均在中央日报等报上发表。那时，死刑犯被最高法院判决后，虽然可以向最高检察署提出非常上诉，但仍是最高法院覆判，最高法院又只是那九个人复判，当然仍是死刑。所以经最高法院判决死刑的案子，等于死定，没有一点挽救余地。在看守所时只准看中央日报，看守所管理员为预防被判决死者一时精神紧张而乱事，就将报纸剪空，如果报纸载经最高法院判决一个死刑案子，则剪一个洞，二个死刑案则剪二个洞。如被判死刑已决定的人的家属未接见时，看守所怕家属会告知，即停止
005.人间何处有青天.txt	749	天知道	我一生做了许多善事，亦救过人命，别人不知，主上帝全知道。如今反诬为我杀，只有天知道，我相信主，我不会冤枉死，上帝随时都在我耳边告诉我：“不要怕，不是你。”
005.人间何处有青天.txt	751	治病	有一次我家人没来见我，到了下星期一，我家人来送菜接见我，笑说：前星期五因家忽然有要紧事没来接见。我就问：此地看守所星期五报纸“开天窗”了，要杀人了，你知道吗？家人说：这几天没看报，不知道。我想想，这当然应该与我们冤案无关。面会毕，我就问管理员，星期五剪报是哪个案子最高法院判决确定了？他答：是别舍房押了一个死刑案。我问：死刑被告不是都押在二舍吗？他答：是啦，这个不知什么案子，我没看报纸，他们都讲另舍房一个死刑被告最高法院驳回，判决确定了。这时我想起小时候母亲说的话，就是神指意，人要相信神，平常做人要凭良心，不要做害人
005.人间何处有青天.txt	757	莫须有	虽然交保走出了台北看守所大门，但仍背了莫须有死刑罪名在外，见人抬不起头来。自我等被吴雪尘勾串其服务机关办事处长范子文等将我们逮捕后，即日旅社全部被侵占经营，以后虽经亲友们收回，但均被一间一间租出去。一楼上海浴室等迄今无付分文租金，三楼汀江公寓住户，虽有付租金，但仍是照十余年前租价，住了约百余户，乱糟糟的似难民收容所。看到这些，心里很感伤心！我只在汀江公寓住了数天，就上山养羊去了。身获自由、心不自由的我，坐在高山望着天与海，每日思念着如何来呼吁，希望法律保障人权，还我清白。一天过一天，一年又一年，等到什么时候，最高当
005.人间何处有青天.txt	759	守正不阿	守正不阿吴亮要杀王琪
005.人间何处有青天.txt	761	守正不阿	吴亮从小在国民党部队当兵，受部队严格训练，他虽然没有受过什么教育，认字不多，但是养成守正不阿军人品格。退伍后，由他部队长官介绍给姚嘉荐，姚亲自录用为旅社工友，到出事时才二月余。有一天，他在武汉旅社一楼上二楼的楼梯上清洗楼梯，我由东园街建筑房屋返三楼汀江公寓经过楼梯时，见有陌生人在洗扫楼梯，我就问姚老先生，这位洗楼梯的是谁？他说是朋友介绍来的工友，因旅社服务生都是女的，清洗浴室等等需有个男工友比较好。我说，你以前认识他吗？姚说不认识，我说最好要他找个保。没几天，姚老先生将吴亮工作保条交给我。不久，姚老先生对我说：吴亮
005.人间何处有青天.txt	769	守正不阿	吴亮因被刑求严重伤病很早交保，后来在士林中学做工友。他住荣总医院时，我去看他，这时他躺在床上，谈到我们冤案，被刑求受伤情形，一方面说，一边口吐白沫和血，非常激动。我只好安慰他说，大家同样惨被酷刑拷打，现在不谈此种悲惨之事，希望你安静休养治病，养好了再去申冤。坐了一会，我就离开荣总医院了。以后我几次想再去看他，但是想到见他谈起冤案来必伤心，所以就没去。他出医院再回士林中学服务，不多久伤病再复发，送医院医治无效，病死在医院。据友人告诉我，报载赞扬他生前将薪俸买饭救济给贫困学生，死后照其遗嘱，将生前薪水继续捐助了慈善机构
005.人间何处有青天.txt	769	治病	吴亮因被刑求严重伤病很早交保，后来在士林中学做工友。他住荣总医院时，我去看他，这时他躺在床上，谈到我们冤案，被刑求受伤情形，一方面说，一边口吐白沫和血，非常激动。我只好安慰他说，大家同样惨被酷刑拷打，现在不谈此种悲惨之事，希望你安静休养治病，养好了再去申冤。坐了一会，我就离开荣总医院了。以后我几次想再去看他，但是想到见他谈起冤案来必伤心，所以就没去。他出医院再回士林中学服务，不多久伤病再复发，送医院医治无效，病死在医院。据友人告诉我，报载赞扬他生前将薪俸买饭救济给贫困学生，死后照其遗嘱，将生前薪水继续捐助了慈善机构
005.人间何处有青天.txt	789	毛骨悚然	被日夜刑求了七十九天的母亲，在法庭上看到我们六个小孩，哭得死去活来，跪着哀求法官放她回家照顾年幼的子女。六个三岁到十一岁的我们，手牵着手，紧紧的挨在一起，站在法庭台前，一点点大小，像一排短小整齐的阶梯。法庭上众人饮泣，呜咽之声不停。坐在台上的书记官也一面擦眼泪、一面记录。那是白色恐怖时期，对别人慈悲就是对自己残忍，何况是调查局办的案，谁敢翻供？不只是法官一槌把已晕死的母亲继续拖回牢里关，当时的报界报导，除了不忘描述母亲的美貌，更加上残酷的讽刺，说母亲演了一场令出庭观众感动流涕的戏。三十年后，翻到当时的旧报纸，对这种
005.人间何处有青天.txt	817	一丘之貉	每个母亲节，我都想起在独裁者蒋介石的国民党政权下制造出无数的冤狱，也将我们和母亲活生生的拆离。当我们的母亲被特务刑求，将竹角插入指尖而哀号时，却要我们在课堂上歌颂他们的头子蒋介石的母亲王太夫人。同时，对岸的共产党也正教着一群母亲被下放、劳改的儿童唱：“爹亲，娘亲，不如毛主席亲。”国共两党政权如一丘之貉，多么讽刺啊！
006.法官谢俊峰、王德云、张剑男公然破坏假扣押制度！.txt	21	后来居上	由此可见，自立晚报社来信所云，与事实不符。非但与事实不符，且逸出广告作业常情之外。因申请人早在六天以前即先行预定，时间与位置均为自立晚报社所指定，指定当时，在纪录上，明明是日该版面尚属空白，自立晚报社岂能以“后来居上”之其他广告，“拥挤”经申请人预定复经自立晚报社保留之版面？何况十二日登陆之第一版版位三段一三〇行之其他广告，究其内容，亦非有十万火急之大事，足以令自立晚报社失信于申请人，如此制造“拥挤”，岂非逸出广告作业常情之外乎？退言之，假设十二日版面拥挤，无法安排刊出之事实为真正，但双方当事人尚非不得协议变更广告
006.法官谢俊峰、王德云、张剑男公然破坏假扣押制度！.txt	21	昭然若揭	由此可见，自立晚报社来信所云，与事实不符。非但与事实不符，且逸出广告作业常情之外。因申请人早在六天以前即先行预定，时间与位置均为自立晚报社所指定，指定当时，在纪录上，明明是日该版面尚属空白，自立晚报社岂能以“后来居上”之其他广告，“拥挤”经申请人预定复经自立晚报社保留之版面？何况十二日登陆之第一版版位三段一三〇行之其他广告，究其内容，亦非有十万火急之大事，足以令自立晚报社失信于申请人，如此制造“拥挤”，岂非逸出广告作业常情之外乎？退言之，假设十二日版面拥挤，无法安排刊出之事实为真正，但双方当事人尚非不得协议变更广告
006.法官谢俊峰、王德云、张剑男公然破坏假扣押制度！.txt	63	上下其手	除此之外，均不得以任何理由上下其手也。查原裁定假扣押之原因既未消灭，而其情事亦未变更，原裁定法院既未命申请人限期起诉，而申请人亦未请求撤销，自立晚报社更未提供担保，上开裁定竟将“原裁定废弃”，撤销假扣押，倘若自立晚报社将来成为“民族晚报社第二”或“蔡辰洲第二”，申请人势必求偿无门，足见上开三名推事所为之裁定，显属故意不依法律之规定而为裁判也。
007.法官陈贻男的错误判决.txt	7	蛛丝马迹	对法官陈贻男这种判决，我不以为异，因为早在审理过程中，就有蛛丝马迹可寻。例如我在五月三十日的“刑事理由续状”中，早就点破并抗议如下：
007.法官陈贻男的错误判决.txt	15	恍然大悟	二、关于法官陈贻男先生令人起疑的又一行为部分——本案五月二十四日审理退庭时，法官陈贻男先生向我要该报导作者张明贤的地址，我根本没控告该报导作者、也没传他作证，当然也无从答复起，这是“不告不理”的基本原则，我实在不能理解法官陈贻男先生为什么这样做？当时被告颜文闩立刻接过话去说，他下一庭会把该报导作者“带来”，我才恍然大悟：原来官司是朝“发行人、社长、总编辑不知情，而由手下人顶罪”的路数发展的！
007.法官陈贻男的错误判决.txt	19	口口声声	法官陈贻男口口声声被告自由时报发行人吴阿明、社长兼总编辑颜文闩无罪，理由是：
007.法官陈贻男的错误判决.txt	59	瞒天过海	台北地院法官陈贻男审理这一案子，在诽谤罪部分，判决被告“吴阿明、颜文闩均无罪”，理由是该报所刊诽谤文字，乃顶罪者所为，而认为发行人吴阿明、社长兼总编辑颜文闩无罪；在伪造文书罪部分，则根本瞒天过海，躲过不判，这是典型的枉法裁判。
007.法官陈贻男的错误判决.txt	69	耐人寻味	在我向《自由时报》提出质问后，11月15日，被告颜文闩来信，附以所谓更正二份。但细查其所谓更正，全违出版法第十五条应有之形式与程序，内容与实质亦了无诚意、敷衍搪塞，何况我既寄达辩驳书在先，又何能以此种所谓更正代之？更耐人寻味的是，在我从市面上买到的和订阅的11月1日《自由时报》中，第二版上，都没有更正的那一小块，反倒是颜文闩附寄来的那天第二版上，抽掉了一则新闻的尾部，登出了那一小块（附证一）。所以，我有理由怀疑，我看到的更正，是“特制品”，这种忽有忽无若隐若现的更正，真不知善意何在？
008.评法官陈重瑜眼中的法律和正义.txt	45	李代桃僵	另一方面，“李敖出版社”系独资商号，商号主人王自义自为法定代理人，也就是当事人。王自义是当事人的身份，早由“台北市政府营利事业登记证”北市建一市号(76)字第170678号登记取得在案。既由王自义委请宣中仪代为出庭，何能李代桃僵，硬要把原告指为宣中仪，才算适格？说宣中仪于“审理时自认系其本人委托”云云，宣中仪根本并无此种陈述，显系法院记录之误。
008.评法官陈重瑜眼中的法律和正义.txt	47	只知其一而不知其二	宣中仪与“李敖出版社”关系，一如作者与出版者关系，作者写作，当然由作者署名，但登广告时，乃由出版者出面出资刊登。法官陈重瑜以“广告稿末页有宣中仪签名”即断定原告“非契约当事人”，无异把一切出版广告看成作者委托而非出版者委托，如此胶柱鼓瑟、缺乏常识，只知其一而不知其二，硬把有签名之人，认定为出钱委托登广告之人，而加以枉法裁判，岂非“错认颜标是鲁公”？
008.评法官陈重瑜眼中的法律和正义.txt	47	错认颜标是鲁公	宣中仪与“李敖出版社”关系，一如作者与出版者关系，作者写作，当然由作者署名，但登广告时，乃由出版者出面出资刊登。法官陈重瑜以“广告稿末页有宣中仪签名”即断定原告“非契约当事人”，无异把一切出版广告看成作者委托而非出版者委托，如此胶柱鼓瑟、缺乏常识，只知其一而不知其二，硬把有签名之人，认定为出钱委托登广告之人，而加以枉法裁判，岂非“错认颜标是鲁公”？
008.评法官陈重瑜眼中的法律和正义.txt	47	胶柱鼓瑟	宣中仪与“李敖出版社”关系，一如作者与出版者关系，作者写作，当然由作者署名，但登广告时，乃由出版者出面出资刊登。法官陈重瑜以“广告稿末页有宣中仪签名”即断定原告“非契约当事人”，无异把一切出版广告看成作者委托而非出版者委托，如此胶柱鼓瑟、缺乏常识，只知其一而不知其二，硬把有签名之人，认定为出钱委托登广告之人，而加以枉法裁判，岂非“错认颜标是鲁公”？
008.评法官陈重瑜眼中的法律和正义.txt	49	舍大道而不由	上诉人“李敖出版社”明明提出被上诉人《中央日报》不履行契约的证据，上面白纸黑字，明明写的是委刊户名称“李敖出版社”，法官陈重瑜又何能舍该报开具之文证不采，反采宣中仪之“自认”？何况宣中仪并无此种“自认”，亦否认有此种“自认”，法官陈重瑜这种证据法则，算是什么证据法则？认定事实与证据不符、认定事实不依被上诉人文证，反节外生枝、舍大道而不由，算是什么证据法则？
008.评法官陈重瑜眼中的法律和正义.txt	49	白纸黑字	上诉人“李敖出版社”明明提出被上诉人《中央日报》不履行契约的证据，上面白纸黑字，明明写的是委刊户名称“李敖出版社”，法官陈重瑜又何能舍该报开具之文证不采，反采宣中仪之“自认”？何况宣中仪并无此种“自认”，亦否认有此种“自认”，法官陈重瑜这种证据法则，算是什么证据法则？认定事实与证据不符、认定事实不依被上诉人文证，反节外生枝、舍大道而不由，算是什么证据法则？
008.评法官陈重瑜眼中的法律和正义.txt	49	节外生枝	上诉人“李敖出版社”明明提出被上诉人《中央日报》不履行契约的证据，上面白纸黑字，明明写的是委刊户名称“李敖出版社”，法官陈重瑜又何能舍该报开具之文证不采，反采宣中仪之“自认”？何况宣中仪并无此种“自认”，亦否认有此种“自认”，法官陈重瑜这种证据法则，算是什么证据法则？认定事实与证据不符、认定事实不依被上诉人文证，反节外生枝、舍大道而不由，算是什么证据法则？
008.评法官陈重瑜眼中的法律和正义.txt	69	口口声声	法官陈重瑜口口声声“李敖出版社”解约不合法，但不解约之《中央日报》却不合法履约，又该当何罪？主持正义的法官，正义在她眼中，竟是这样的吗？
009.“李登辉诱奸女生”不犯法.txt	17	石破天惊	收到这一判决书，我真吓了一跳！我真没想到：台湾竟有这样认定事理的法官！被告石永贵辩称他发行的《中央日报》登广告，“仅刊载出版目录而无内容，自不构成诽谤罪等语”，本来已是石破天惊的怪说，而法官魏大喨居然顺着这名党官大人的怪说，“经核”之后，竟判决以所刊“仅系该期杂志要目，并非具体指陈事件内容，依上开说明，尚难以该罪相绳”！这就是说，文章题目是可以免责的，因为文章题目“并非具体指陈事件内容”！法官魏大喨这一认定事理的标准，是绝对不合法理的，也不合经验法则的，更不合古今中外的文字结构、修辞原理的。因为文字构成诽谤，并不因
009.“李登辉诱奸女生”不犯法.txt	27	瞒天过海	全部原文，并没有法官魏大喨所衍生的“具体事件内容”的条件。刑法第三百十条原文是“足以毁损他人名誉之事者”，但法官魏大喨却瞒天过海，加上“足以损害他人名誉之具体事件内容者”，这样子一插花，刑法第三百一十条的原意，完全走样了，变成了要增加“具体事件内容”才算了。——国民党党官大人石永贵何幸！紧要关头，竟法遇贵人、竟有法官魏大喨为他把刑法条文添油加酱以为“无罪之谕知”。这样一来，古今中外之诽谤罪立法者，都要死不瞑目矣！法官的判决竟逸出刑法罪刑法定之外，这也令人们惊异了！
010.驳台中高分院法官林松虎.txt	5	莫名其妙	不料张子源上诉后，台湾高等法院台中分院法官翁其荣、徐元庆、陈成泉竟违背法令，在判决书里，居然弄错法律位阶、分不清法条中“名词”、“代名词”的不同，也不懂中文中“投宿”的意义，在把官司没有必要的一开庭再开庭三开庭四开庭之后，一拖八个月，再违背法令，莫名其妙的将原判决废弃。
010.驳台中高分院法官林松虎.txt	15	滑天下之大稽	三、再按《公文程式条例》第三条明定：“机关公文，视其性质，分别依照左列各款，盖用印信或签署：……三、仅盖用机关印信。”在五纸收据中，均盖有台中市政府大印，并有张子源所属机关即管区警察派出所主管“杨三共”签名，明明只用张子源所属机关之印信而别无其他机关印信、明明只有所属机关人员签名而别无其他机关人员签名，又何能狡赖推托？张子源辩称收据上有“中部警备部文化专员孟启正”签名云云，但受害之老百姓又从何而知“孟启正”三字是军职人员？纵使“孟启正”为军职人员，将盖有台中市政府印信之空白收据供非台中市政府所属人员使用，张子源又焉
011.最高法院的判决笑话.txt	7	当事人不得兼证人。	第二、法官李锦丰、范秉阁、郭柏成、葛浩坡、洪根树又引“证人鞠金蕾在原审证称：‘当时大门关着，对面的邻居跑出来，他说他有钥匙，就将大门打开，但是里面的门关着，就请锁匠将门打开，进去后，在一楼发现一箱一箱的纸箱，堆得有一人多高，室内有发霉的气味’”。又引“证人杨三共证称：‘因为这是空屋，就去叫里长来会同’”。这些引证，就先自己推翻了所谓“由一年约五十余岁之男性老人看守该处”之说，不是吗？何况，“证人鞠金蕾”并非泛泛之辈，乃是前来执行非法搜索的警总军事检察官！“证人杨三共”也非泛泛之辈，乃是前来执行非法搜索的管区警员！这
011.最高法院的判决笑话.txt	19	藏诸名山	㈢所谓按“一般经验法则”断无收藏数量达千百册之多之说，益见被告之孤陋寡闻。按古今藏书家法则（非一般生活经验法则），例以奇货可居为乐，其嗜一家或数家之书，且为之藏诸名山者，亦代有其人，被告苟对书史及藏书家传记略有所知，即不会出此无知之怪论以为辩。
011.最高法院的判决笑话.txt	19	孤陋寡闻	㈢所谓按“一般经验法则”断无收藏数量达千百册之多之说，益见被告之孤陋寡闻。按古今藏书家法则（非一般生活经验法则），例以奇货可居为乐，其嗜一家或数家之书，且为之藏诸名山者，亦代有其人，被告苟对书史及藏书家传记略有所知，即不会出此无知之怪论以为辩。
011.最高法院的判决笑话.txt	19	奇货可居	㈢所谓按“一般经验法则”断无收藏数量达千百册之多之说，益见被告之孤陋寡闻。按古今藏书家法则（非一般生活经验法则），例以奇货可居为乐，其嗜一家或数家之书，且为之藏诸名山者，亦代有其人，被告苟对书史及藏书家传记略有所知，即不会出此无知之怪论以为辩。
011.最高法院的判决笑话.txt	21	彼有淫具！	㈣纵使书为李敖所有，但收藏于张桂贞老太太家里，并未出售或散布，即无被查扣的理由。史载三国时刘备在四川厉行酒禁，发现民间有酒具者即目为嗜酒制酒之罪犯而处罚之。丞相诸葛亮不以为然，乃陪刘备巡视于街，当街任意抓一男子，指为强奸罪犯。刘备问为什么？诸葛亮答道：“彼有淫具！”意思是说，见酒具即目为罪犯，则与有男性性器官者即目为罪犯者，又何以异？今之台中市长大人，竟目藏书家家藏珍本于箱，立即指为“灼然可见系供出售或散布之用”！同此逻辑与大脑，则戒严时期依法可家藏之黄金、美钞，当然就可罗织为“灼然可见系为扰乱金融之用”，而应以“
011.最高法院的判决笑话.txt	23	别开生面	综看法官李锦丰、范秉阁、郭柏成、葛浩坡、洪根树的判决书，其阅卷不可谓不细，但其用心，却不可谓持平。试看卷中明明有“证人陈松碧”在地院结证他没看到捜索票，也没看到公文书之言，足证台中市政府的所有搜索行为，程序上就全部是非法的；所有扣押行为，动作上就全部是违宪的。如此关键人权大事的证言，法官李锦丰、范秉阁、郭柏成、葛浩坡、洪根树居然视而不见！不追究为何强盗抢人；反倒反过头来，追究为何被抢者家里有这么多东西。如此最高法院法官，真为我们别开生面！真不知司法不亡，还有天理否也！
011.最高法院的判决笑话.txt	23	视而不见	综看法官李锦丰、范秉阁、郭柏成、葛浩坡、洪根树的判决书，其阅卷不可谓不细，但其用心，却不可谓持平。试看卷中明明有“证人陈松碧”在地院结证他没看到捜索票，也没看到公文书之言，足证台中市政府的所有搜索行为，程序上就全部是非法的；所有扣押行为，动作上就全部是违宪的。如此关键人权大事的证言，法官李锦丰、范秉阁、郭柏成、葛浩坡、洪根树居然视而不见！不追究为何强盗抢人；反倒反过头来，追究为何被抢者家里有这么多东西。如此最高法院法官，真为我们别开生面！真不知司法不亡，还有天理否也！
012.最高法院竟比警总还警总！.txt	5	口口声声	第一、法官李锦丰、范秉阁、郭柏成、葛浩坡、洪根树口口声声说：“除依管制办法第八条规定予以查扣外，复本于出版法第三十九条之规定，为其查扣之依据”，并以括号提醒：见卷中“查扣三联单之记载”。三联单上后面虽有“右列出版品依出版法第三十九、台湾戒严时期出版物管制办法第八、广播电视法四十五条之二条规定予以扣押”记载，但所列三种法令是平行排列的、是让填单者自选一种适用的，并非一体适用，例如其中有广播电视法，就与查禁书无关，若照法官李锦丰、范秉阁、郭柏成、葛浩坡、洪根树的大脑，难道广播电视法也用来查禁书刊不成？由此可见，三种并列
012.最高法院竟比警总还警总！.txt	9	杠上开花	并无以异。在上面填写者只能任择一种，不能全来的。但是，法官李锦丰、范秉阁、郭柏成、葛浩坡、洪根树却要帮台中市政府擅将法条杠上开花。——在适用上用了全不适用的法律，此其笑话一。
012.最高法院竟比警总还警总！.txt	29	移花接木	足证纵使扣押，也另有对书刊发行人保障及救济条款。若按法官李锦丰、范秉阁、郭柏成、葛浩坡、洪根树的法理，则此一保障与救济，对于非出版人之读者或藏书家反不适用，出书卖书的，书可以返还；买书藏书的，书反倒充公，通乎？不通乎？可见出版法第三十九条所指的扣押，乃专责“发行人”而言。如今最高法院的法官将专责“发行人”之出版法第三十九条移花接木，用来适用于寻常百姓如本案原告张桂贞老太太者，这种于法规适用不当之判决，非妄断而何？——在保障与救济上被一笔勾销，而抹杀了出版法同条第二项规定，此其笑话三。
012.最高法院竟比警总还警总！.txt	31	口口声声	第四、纵按法官李锦丰、范秉阁、郭柏成、葛浩坡、洪根树所说，有出版法第三十九条之适用，但搜索民宅时，搜索票纵然带了，也只能限于搜索；要扣押，还得另有查禁命令才成。按照台中市政府口口声声的《台湾地区省市县（市）文化工作处理要点事项》规定：依据《出版法》等有关法令取缔，有关法令中，《出版法施行细则》即为其一。按照该细则第30条，明定“出版法所规定之行政处分，应以书面为之。”复按行政法院二十四年判字第13号判例：“命令效力之发生以到达为前提要件。到达云者，即已送达于受令者之谓，若该管机关在命令尚未送达以前，而就其职掌范围内
012.最高法院竟比警总还警总！.txt	37	高高在上	可见每本书查禁的依据，都是三联单上的所列三法令中中间那行的台湾地区戒严时期出版物管制办法！固与法官李锦丰、范秉阁、郭柏成、葛浩坡、洪根树五头栽进之出版法第三十九条无涉也！——这些高高在上的法官老爷不知每张查禁令都是警总制作的、——依台湾地区戒严时期出版物管制办法制作的，与出版法根本无关，此其笑话五。
012.最高法院竟比警总还警总！.txt	41	一翻两瞪眼	以上六大笑话，无不证实了法官李锦丰、范秉阁、郭柏成、葛浩坡、洪根树的莫名其妙。他们在下级法院法官黄奠华、袁再兴、林富村做出正确判决后，滥施发回，谬以一翻两瞪眼的明确证据，硬要说“有斟酌余地”、硬要说“原审未注意及此，并说明其法律上意见，亦有判决不备理由之违法”。其实真正违法的，不是别人，就是法官李锦丰、范秉阁、郭柏成、葛浩坡、洪根树他们自己！他们身膺司法重寄，不知从大法正法上保障人权，声讨侵害言论出版自由的警备总部、保障人民财产，反倒扶同为恶、希旨承风、为军人张目、曲法以欺压百姓，甚至连军人都没动用的出版法，他们都
012.最高法院竟比警总还警总！.txt	41	扶同为恶	以上六大笑话，无不证实了法官李锦丰、范秉阁、郭柏成、葛浩坡、洪根树的莫名其妙。他们在下级法院法官黄奠华、袁再兴、林富村做出正确判决后，滥施发回，谬以一翻两瞪眼的明确证据，硬要说“有斟酌余地”、硬要说“原审未注意及此，并说明其法律上意见，亦有判决不备理由之违法”。其实真正违法的，不是别人，就是法官李锦丰、范秉阁、郭柏成、葛浩坡、洪根树他们自己！他们身膺司法重寄，不知从大法正法上保障人权，声讨侵害言论出版自由的警备总部、保障人民财产，反倒扶同为恶、希旨承风、为军人张目、曲法以欺压百姓，甚至连军人都没动用的出版法，他们都
012.最高法院竟比警总还警总！.txt	41	莫名其妙	以上六大笑话，无不证实了法官李锦丰、范秉阁、郭柏成、葛浩坡、洪根树的莫名其妙。他们在下级法院法官黄奠华、袁再兴、林富村做出正确判决后，滥施发回，谬以一翻两瞪眼的明确证据，硬要说“有斟酌余地”、硬要说“原审未注意及此，并说明其法律上意见，亦有判决不备理由之违法”。其实真正违法的，不是别人，就是法官李锦丰、范秉阁、郭柏成、葛浩坡、洪根树他们自己！他们身膺司法重寄，不知从大法正法上保障人权，声讨侵害言论出版自由的警备总部、保障人民财产，反倒扶同为恶、希旨承风、为军人张目、曲法以欺压百姓，甚至连军人都没动用的出版法，他们都
012.最高法院竟比警总还警总！.txt	41	希旨承风	以上六大笑话，无不证实了法官李锦丰、范秉阁、郭柏成、葛浩坡、洪根树的莫名其妙。他们在下级法院法官黄奠华、袁再兴、林富村做出正确判决后，滥施发回，谬以一翻两瞪眼的明确证据，硬要说“有斟酌余地”、硬要说“原审未注意及此，并说明其法律上意见，亦有判决不备理由之违法”。其实真正违法的，不是别人，就是法官李锦丰、范秉阁、郭柏成、葛浩坡、洪根树他们自己！他们身膺司法重寄，不知从大法正法上保障人权，声讨侵害言论出版自由的警备总部、保障人民财产，反倒扶同为恶、希旨承风、为军人张目、曲法以欺压百姓，甚至连军人都没动用的出版法，他们都
013.最高法院法官岂可有最低视野？.txt	5	荒腔走板	历来最高法院判决，见仁见智，胜败之分，还有个谱儿，但这回法官李锦丰、范秉阁、郭柏成、葛浩坡、洪根树的判决，却大大离了谱！——连戒严时期军事机关警备总部都没查禁的书刊，解严时期司法机关最高法院却要查禁了！这种荒腔走板，真是中国司法史上的大笑话！
013.最高法院法官岂可有最低视野？.txt	5	见仁见智	历来最高法院判决，见仁见智，胜败之分，还有个谱儿，但这回法官李锦丰、范秉阁、郭柏成、葛浩坡、洪根树的判决，却大大离了谱！——连戒严时期军事机关警备总部都没查禁的书刊，解严时期司法机关最高法院却要查禁了！这种荒腔走板，真是中国司法史上的大笑话！
013.最高法院法官岂可有最低视野？.txt	9	锲而不舍	这一案子分到法官李锦丰、范秉阁、郭柏成、葛浩坡、洪根树手里前，前后历时三年四个月，张桂贞老太太锲而不舍、努力不懈，所争者，除民事责任、司法公正以外，更着眼于宪法中人民基本自由之保障。戒严四十年以还，警备总司令部执《戒严法》以限制人民基本自由，“恶法亦法”，尚勉强自成一说，但逾越《戒严法》本身规定之限度而滥肆扩张，则就无以自圆。试看《戒严法》第十一条第一款明定“戒严地域内，最高司令官”“得停止集会、结社及游行请愿。并取缔言论、讲学、新闻杂志、图画、告白、标语曁其他出版物之认为与军事有妨害者。”《戒严法》还算是法律，可
013.最高法院法官岂可有最低视野？.txt	35	无法无天	如今在所谓《台湾地区戒严时期出版物管制办法》肆虐几十年后，在解严时期，身为司法体系的最高法院法官如李锦丰、范秉阁、郭柏成、葛浩坡、洪根树者，还不能认清这一所谓管制办法的无法无天，反倒靠它来抵触宪法或法律的依据，这种法官，也就太“歧路亡法”了！
013.最高法院法官岂可有最低视野？.txt	39	举重若轻	试看文明国家的最高法院法官，他们在人民基本权利的维护上，是何等开明行事！以美国为例，美国最高法院法官，从约翰·马歇尔（John Marshall）起，在职三十五年间，对维护宪法，不遗余力，也不留余法。该院自一八六九年至今，都以区区九人为编制，掌管了全美国的人权最后保障。由于他们的执着与不畏政治压力，全国司法正义都赖这“九个老头子”（Nine Old Men）掌了舵。法官布雷克（Hugo LaFayette Black）为了维护出版自由、言论自由，甚至说服其他法官，推翻英美的习惯法，公开“欢迎”出版品可以评论在审判中
013.最高法院法官岂可有最低视野？.txt	41	飞来山上千寻塔，	飞来山上千寻塔，
013.最高法院法官岂可有最低视野？.txt	45	不畏浮云遮望眼，	不畏浮云遮望眼，
013.最高法院法官岂可有最低视野？.txt	45	不畏浮云遮望眼	不畏浮云遮望眼，
013.最高法院法官岂可有最低视野？.txt	47	自缘身在最高层。	自缘身在最高层。
014.法官陈瑞甫、陈满贤、梁松雄不知维护人民权利.txt	11	无中生有	查遍查全卷书状、笔录，并无张桂贞“虽称……云云”等内容，更无“未能举证以实其说”的笔录，法官陈瑞甫、陈满贤、梁松雄竟无中生有，捏造张桂贞之言，且进而捏造张桂贞“就此未能举证以实其说”，显属有民事诉讼法第四百六十九条第六款之情。复与同法第二百七十八条“裁判前应令当事人就其事实有辩论之机会”有违，当然违背法令。
014.法官陈瑞甫、陈满贤、梁松雄不知维护人民权利.txt	23	节外生枝	既然查扣地点承认是张桂贞“设籍”的家，依照民法第三编物权第十章“占有”诸法条，家中财产（包括系争书籍），根本为张桂贞所有，这是常识、是经验法则、也是清清楚楚的法律。——对在一个人家中的财产，居然查证起如何“取得”的问题，此之谓玩法！此之谓节外生枝！民事诉讼法第四百六十八条明定：“判决不适用法规或适用不当者，为违背法令。”法官陈瑞甫、陈满贤、梁松雄放着民法第三编第十章的法律不予适用，且未说明法律上意见，显属理由不备，一看便知。
014.法官陈瑞甫、陈满贤、梁松雄不知维护人民权利.txt	31	节外生枝	对众所周知属于张桂贞的家中物，要举证也可以，但依法，举证责任根本不在张桂贞这一边。民事诉讼法第二百七十七条明定举证责任分配之原则，明说：“当事人主张有利于己之事实者，就其事实有举证之责任。”——说张桂贞家里的财产不是张桂贞的，举证责任根本在台中市政府，而不在张桂贞。设想强盗抢了法官陈瑞甫、陈满贤、梁松雄家里的电视机，打起官司，强盗反过头来要他们提出电视机怎么来的，不然就论以“未能举证以实其说”，而置强盗行径于不问，反把电视机判归强盗所有，任其呼啸而去，这通吗？——不追究强盗“抢走”的问题，反追究法官“取得”的问题，
014.法官陈瑞甫、陈满贤、梁松雄不知维护人民权利.txt	73	藏诸名山	揆诸经验法则，一般藏书家，当无搜集同一本书多达千余册之理；被上诉人虽提出传记文学出版社印行，苏精著，“近代藏书三十家”证明藏书家例以奇货可居为乐，其嗜一家或数家之书，且为之藏诸名山者，亦代有其人云云，惟细阅该书所载，藏书家除财力雄厚，对任一类书都能兼收并蓄外，一般大都依所学或所好各有收藏重点。……亦未就同一书籍做重复搜集之理。……而被上诉人即得就同一本书为重复收藏一节，即无可采。……则依上述“藏书家法则”，亦足以认定系争查扣书籍非由被上诉人所搜藏。
014.法官陈瑞甫、陈满贤、梁松雄不知维护人民权利.txt	73	奇货可居	揆诸经验法则，一般藏书家，当无搜集同一本书多达千余册之理；被上诉人虽提出传记文学出版社印行，苏精著，“近代藏书三十家”证明藏书家例以奇货可居为乐，其嗜一家或数家之书，且为之藏诸名山者，亦代有其人云云，惟细阅该书所载，藏书家除财力雄厚，对任一类书都能兼收并蓄外，一般大都依所学或所好各有收藏重点。……亦未就同一书籍做重复搜集之理。……而被上诉人即得就同一本书为重复收藏一节，即无可采。……则依上述“藏书家法则”，亦足以认定系争查扣书籍非由被上诉人所搜藏。
014.法官陈瑞甫、陈满贤、梁松雄不知维护人民权利.txt	75	蝉曳残声到别枝	这段判决，真是千古奇闻！查张桂贞举证“近代藏书三十家”一书时，明明具状告以“全书举证藏书家刊印、收集所嗜各书，且出之以‘大规模的抢救行动’者，代有其人，本案原告张桂贞者，犹小焉者也”，应证事项，至为明确。如今法官陈瑞甫、陈满贤、梁松雄自称“细阅该书所载”、“各有收藏重点。……亦未就同一书籍做重复搜集之理”，这种“细阅”方法，真令世之读书人惊叹！查该书页三、页二十一、页四十、页五十八、页六十五、页七十九、页八十三、页八十八、页一一六、页一一九、页一二八、页一七七、页二〇一、页二〇八、页二一九，都明列藏书家“刊刻”事实
014.法官陈瑞甫、陈满贤、梁松雄不知维护人民权利.txt	75	藏诸名山	这段判决，真是千古奇闻！查张桂贞举证“近代藏书三十家”一书时，明明具状告以“全书举证藏书家刊印、收集所嗜各书，且出之以‘大规模的抢救行动’者，代有其人，本案原告张桂贞者，犹小焉者也”，应证事项，至为明确。如今法官陈瑞甫、陈满贤、梁松雄自称“细阅该书所载”、“各有收藏重点。……亦未就同一书籍做重复搜集之理”，这种“细阅”方法，真令世之读书人惊叹！查该书页三、页二十一、页四十、页五十八、页六十五、页七十九、页八十三、页八十八、页一一六、页一一九、页一二八、页一七七、页二〇一、页二〇八、页二一九，都明列藏书家“刊刻”事实
014.法官陈瑞甫、陈满贤、梁松雄不知维护人民权利.txt	75	断章取义	这段判决，真是千古奇闻！查张桂贞举证“近代藏书三十家”一书时，明明具状告以“全书举证藏书家刊印、收集所嗜各书，且出之以‘大规模的抢救行动’者，代有其人，本案原告张桂贞者，犹小焉者也”，应证事项，至为明确。如今法官陈瑞甫、陈满贤、梁松雄自称“细阅该书所载”、“各有收藏重点。……亦未就同一书籍做重复搜集之理”，这种“细阅”方法，真令世之读书人惊叹！查该书页三、页二十一、页四十、页五十八、页六十五、页七十九、页八十三、页八十八、页一一六、页一一九、页一二八、页一七七、页二〇一、页二〇八、页二一九，都明列藏书家“刊刻”事实
014.法官陈瑞甫、陈满贤、梁松雄不知维护人民权利.txt	75	望尘莫及	这段判决，真是千古奇闻！查张桂贞举证“近代藏书三十家”一书时，明明具状告以“全书举证藏书家刊印、收集所嗜各书，且出之以‘大规模的抢救行动’者，代有其人，本案原告张桂贞者，犹小焉者也”，应证事项，至为明确。如今法官陈瑞甫、陈满贤、梁松雄自称“细阅该书所载”、“各有收藏重点。……亦未就同一书籍做重复搜集之理”，这种“细阅”方法，真令世之读书人惊叹！查该书页三、页二十一、页四十、页五十八、页六十五、页七十九、页八十三、页八十八、页一一六、页一一九、页一二八、页一七七、页二〇一、页二〇八、页二一九，都明列藏书家“刊刻”事实
015.法官萧仰归真太荒唐了！.txt	13	偷天换日	一、自诉状全文，告的是被告伍振环、周孟禄对我在“合约书”上的违约，只字没提“求是报社文化企业有限公司”，法官萧仰归竟舍“合约书”不论，反倒扯到不该扯到的公司，硬把“自然人”偷天换日为“法人”。他看不到该看到的，却看到不该看到的（未曾在自诉状中控告的，有违不告不理原则），这叫什么看自诉状的视野？
016.法官邱美育的荒唐大判决.txt	7	责无旁贷	刑事诉讼法第五十条明定：“裁判应由推事制作裁判书。”所以裁判书的内容，法官本人责无旁贷。法官邱美育在本案判决书中，标题明明是“台北地方法院刑事判决”，但在最后，却出现
017.法官谷凤岐、陈世淙、蔡清游的自扰扰人.txt	3	落井下石	胡秋原反诉李敖的案子，“实质”部分，李敖已具状“胡秋原不‘落井下石’吗？”答辩：“程序”部分，于此答辩如下：
017.法官谷凤岐、陈世淙、蔡清游的自扰扰人.txt	63	司空见惯	由此可见，胡秋原所谓顾名思义，全思错了。出版社以名人之名为名本是司空见惯之事。
017.法官谷凤岐、陈世淙、蔡清游的自扰扰人.txt	67	信口开河	至于胡秋原指称李敖出版社‘专门出版李敖之作品”，也全非事实。李敖出版社出书七十三种，其中纯李敖著作者仅占四分之一，其他为彭明敏、江南等著者所作，这是“专门出版李敖之作品”么？胡秋原信口开河、混淆视听，如此可见（附证四）。
017.法官谷凤岐、陈世淙、蔡清游的自扰扰人.txt	83	落井下石	胡秋原不“落井下石”吗？（李敖）
017.法官谷凤岐、陈世淙、蔡清游的自扰扰人.txt	85	春秋笔法	殷海光的夫人夏君璐在给殷门弟子林悦恒、罗业宏的秘密信中，曾透露了一个事实：——“李敖曾救老师（殷海光）一命。”（附证一）这一事实，是指当年李敖借债送殷海光到医院的事。当年殷海光对齐世英说：“李敖是最够义气的人。”（附证二）李敖凭这一义气，延长了殷海光的寿命，并在日后为殷海光之死，做了春秋笔法的记录。——写了《我的殷海光》等文，以存信史。
017.法官谷凤岐、陈世淙、蔡清游的自扰扰人.txt	95	落井下石	四、他要借法院之手，取得片面的两纸官样文件；再借法官之口，宣判他胡秋原没有对殷海光“落井下石”。
017.法官谷凤岐、陈世淙、蔡清游的自扰扰人.txt	113	不学无术，误人子弟	一九六六……五月胡秋原在《中华杂志》发表《为学术诈欺告有关方面》。六月胡正式行文台大钱校长，提出二十五问题，要殷答复，如不答复，则视殷“不学无术，误人子弟”，应停止授课，或改任职员。……八月廿六日见钱校长，双方议定今年形式上殷仍是台大教授，但停止授课；到一九六七年七月则关系（包括形式）全部消失。
017.法官谷凤岐、陈世淙、蔡清游的自扰扰人.txt	131	一干二净	殷海光饱受迫害、忧郁成疾，此疾即是胃癌，这一病状，是李敖借债送他去宏恩医院后，由主治名医李承泌大夫证实的。殷海光之死，用通俗的说法，是被气死的。夏君璐在《记忆的苍穹》中说：“一九七一年，九月里的有一天，我去看才出狱不久的雷震，他一见面就对我大声的说：‘殷太太，你看，殷海光爱生气，就被国民党气死了！’”（附证八）就正是如此。胡秋原想把他迫害殷海光的责任赖得一干二净，事实上，他年复一年招朋引类对殷海光的“文字构陷”与“行文到台湾大学”等，正是造成殷海光忧郁成疾的根源。韦政通在《“自由”和“存在”的对决——略论殷海光悲剧
017.法官谷凤岐、陈世淙、蔡清游的自扰扰人.txt	131	招朋引类	殷海光饱受迫害、忧郁成疾，此疾即是胃癌，这一病状，是李敖借债送他去宏恩医院后，由主治名医李承泌大夫证实的。殷海光之死，用通俗的说法，是被气死的。夏君璐在《记忆的苍穹》中说：“一九七一年，九月里的有一天，我去看才出狱不久的雷震，他一见面就对我大声的说：‘殷太太，你看，殷海光爱生气，就被国民党气死了！’”（附证八）就正是如此。胡秋原想把他迫害殷海光的责任赖得一干二净，事实上，他年复一年招朋引类对殷海光的“文字构陷”与“行文到台湾大学”等，正是造成殷海光忧郁成疾的根源。韦政通在《“自由”和“存在”的对决——略论殷海光悲剧
017.法官谷凤岐、陈世淙、蔡清游的自扰扰人.txt	149	一不做二不休	胡君见文字构陷的目标未达，一不做二不休，六月公然行文到台湾大学……
017.法官谷凤岐、陈世淙、蔡清游的自扰扰人.txt	173	本是同根生	胡秋原迫害殷海光的故事，是一个典型的落井下石的故事。知识分子配合官方，对“本是同根生”的同道如此栽诬、如此构陷、如此歇斯底里，胡秋原真是冠军。
017.法官谷凤岐、陈世淙、蔡清游的自扰扰人.txt	173	落井下石	胡秋原迫害殷海光的故事，是一个典型的落井下石的故事。知识分子配合官方，对“本是同根生”的同道如此栽诬、如此构陷、如此歇斯底里，胡秋原真是冠军。
017.法官谷凤岐、陈世淙、蔡清游的自扰扰人.txt	181	天衣无缝	同钱校长作了上述协议以后，我以为这件事可告一段落了。哪里知道九月初的某一天（确定的日子忘记了）上午十点多，某党工作人员二名来舍。年岁较大的一位说：“我们是来给殷先生帮助的。”我心里想，你们这些人指使秘密警察把我逼出台湾大学，现在又来拍一下，未免太阴险了。我同你们有什么好谈呢？因此，我只淡淡的说：“我不需要什么帮助。”他又提到那张聘书：“殷先生为什么那么坚持不接受教育部的聘书？何必呢！一位有名的国立大学教授到教育部任职，有何不可？”强硬的方式失败了，他们又用劝说的方式。他们之所以不惜使用一切手段要我接受那张聘书，是经
017.法官谷凤岐、陈世淙、蔡清游的自扰扰人.txt	183	倒果为因	⑤殷海光虽与钱思亮“议定课表照帖，但终止上课”，并在一九六七年度开始后离开台大，但一九六七年七月到来的时候，殷海光已病得快死了，乖巧的钱思亮自然顺势不必再背害贤之名，他串通好官方，顺水人情让殷海光“在职病故”算了，这就是台大回法院信所说“未有‘未续聘’之记载”的由来。但这并不能倒果为因，否定殷海光过去被迫害的事实。
017.法官谷凤岐、陈世淙、蔡清游的自扰扰人.txt	183	顺水人情	⑤殷海光虽与钱思亮“议定课表照帖，但终止上课”，并在一九六七年度开始后离开台大，但一九六七年七月到来的时候，殷海光已病得快死了，乖巧的钱思亮自然顺势不必再背害贤之名，他串通好官方，顺水人情让殷海光“在职病故”算了，这就是台大回法院信所说“未有‘未续聘’之记载”的由来。但这并不能倒果为因，否定殷海光过去被迫害的事实。
017.法官谷凤岐、陈世淙、蔡清游的自扰扰人.txt	185	耐人寻味	⑥所以，表面上官样文件所说的“未有‘未续聘’之记载”，并不就是殷海光没有被迫离开台湾大学的证明。这正是殷海光所说的：“这一现象也可以使我们明白，今日台湾真正的内情很不容易从表面看清楚。”——表面是未“未续聘”，实际却早就不能教书了。今日台大只会写未“未续聘”，却不敢写“未禁教（未禁止教书），此中奥妙，耐人寻味。
017.法官谷凤岐、陈世淙、蔡清游的自扰扰人.txt	189	白纸黑字	胡秋原想从台湾大学回法院信中推论殷海光并未被台大解聘，但这一真相，不需李敖来说，光从胡秋原自己的白纸黑字上，就可推翻台湾大学的信了。三年前，胡秋原自己在《中华杂志》第三一九期上，就写着：
017.法官谷凤岐、陈世淙、蔡清游的自扰扰人.txt	193	白纸黑字	看到了吧？用断钉截铁第一人称肯定语气，指出“殷海光被台大解聘”、“解职”这一事实的，就连胡秋原自己，也优为之！——自己的白纸黑字忘得一干二净，反倒回过头来，想改口说台大并没解聘殷海光，这不是大矛盾吗？
017.法官谷凤岐、陈世淙、蔡清游的自扰扰人.txt	193	一干二净	看到了吧？用断钉截铁第一人称肯定语气，指出“殷海光被台大解聘”、“解职”这一事实的，就连胡秋原自己，也优为之！——自己的白纸黑字忘得一干二净，反倒回过头来，想改口说台大并没解聘殷海光，这不是大矛盾吗？
017.法官谷凤岐、陈世淙、蔡清游的自扰扰人.txt	205	习以为常	胡秋原自己，为什么也不经意间，写出殷海光“被台大解聘”、“辞职”的真相出来了呢？原因很简单，殷海光在台大的职务，早已名存实亡，实际上无异解聘、解职，已是士林之间、学界之内的公论，也是公开秘密。这一理解，人人已习以为常。试举一些文证，以实此说：
017.法官谷凤岐、陈世淙、蔡清游的自扰扰人.txt	259	落井下石	胡秋原对殷海光“落井下石”无误
017.法官谷凤岐、陈世淙、蔡清游的自扰扰人.txt	261	本是同根生	李敖在文章中说：“胡秋原迫害殷海光的故事，是一个典型的落井下石的故事。知识分子配合官方，对‘本是同根生’的同道如此栽诬、如此构陷、如此歇斯底里，胡秋原真是冠军。”这话全是可受公评之事的适当评论。这种“落井下石”之论，不单是李敖一人的，且是公论。试看三年前台北举行“纪念殷海光逝世二十周年学术研讨会”上，就有这样的新闻：（附证三三）
017.法官谷凤岐、陈世淙、蔡清游的自扰扰人.txt	261	落井下石	李敖在文章中说：“胡秋原迫害殷海光的故事，是一个典型的落井下石的故事。知识分子配合官方，对‘本是同根生’的同道如此栽诬、如此构陷、如此歇斯底里，胡秋原真是冠军。”这话全是可受公评之事的适当评论。这种“落井下石”之论，不单是李敖一人的，且是公论。试看三年前台北举行“纪念殷海光逝世二十周年学术研讨会”上，就有这样的新闻：（附证三三）
017.法官谷凤岐、陈世淙、蔡清游的自扰扰人.txt	263	落井下石	中西文化论战埋下火种，抨击殷氏，胡秋原落井下石
017.法官谷凤岐、陈世淙、蔡清游的自扰扰人.txt	265	落井下石	可见胡秋原“落井下石”的行为，已是公论，再赖也赖不掉。
017.法官谷凤岐、陈世淙、蔡清游的自扰扰人.txt	267	落井下石	在《自由中国》杂志被警总捜查、停刊后，殷海光失去地盘，衰病侵寻之时，胡秋原以国民党立委身份，写信给教育单位迫害殷海光以致于死，这种行为，当然是“落井下石”的行为。殷海光当被“落井下石”时，曾悲愤的写信给黄展骥说：“武人杀人系以枪杆，文人杀人则以笔杆。”（附证三四）但事后显露出来的胡秋原当时与军方（自总政治部主任王昇以下）的神秘关系（附证三五），我们更惊讶竟是官私互动、文武合一的！
017.法官谷凤岐、陈世淙、蔡清游的自扰扰人.txt	269	锲而不舍	本案关键是殷海光被迫害以致于死的这件事，是否真实。而探讨此一真实，不能从皮相上或咬文嚼字上着眼，重点不在皮相上或咬文嚼字上殷海光有否被续聘或解聘，也不在这个或那个治安单位派员监视他。重点在殷海光被迫害，不能实际上担任教职（教书职务）；重点在殷海光被全面迫害，官私互动、文武合一的全面迫害。在这全面迫害中，胡秋原是最残忍、最公然、最密集、最连续、最锲而不舍、最超越前进的，他如今想赖得一干二净，并引台大未解聘等官样文件以为自己卸责、为台大和警总脱罪，这种手法，是休想瞒得过明眼人的！
017.法官谷凤岐、陈世淙、蔡清游的自扰扰人.txt	269	咬文嚼字	本案关键是殷海光被迫害以致于死的这件事，是否真实。而探讨此一真实，不能从皮相上或咬文嚼字上着眼，重点不在皮相上或咬文嚼字上殷海光有否被续聘或解聘，也不在这个或那个治安单位派员监视他。重点在殷海光被迫害，不能实际上担任教职（教书职务）；重点在殷海光被全面迫害，官私互动、文武合一的全面迫害。在这全面迫害中，胡秋原是最残忍、最公然、最密集、最连续、最锲而不舍、最超越前进的，他如今想赖得一干二净，并引台大未解聘等官样文件以为自己卸责、为台大和警总脱罪，这种手法，是休想瞒得过明眼人的！
017.法官谷凤岐、陈世淙、蔡清游的自扰扰人.txt	269	一干二净	本案关键是殷海光被迫害以致于死的这件事，是否真实。而探讨此一真实，不能从皮相上或咬文嚼字上着眼，重点不在皮相上或咬文嚼字上殷海光有否被续聘或解聘，也不在这个或那个治安单位派员监视他。重点在殷海光被迫害，不能实际上担任教职（教书职务）；重点在殷海光被全面迫害，官私互动、文武合一的全面迫害。在这全面迫害中，胡秋原是最残忍、最公然、最密集、最连续、最锲而不舍、最超越前进的，他如今想赖得一干二净，并引台大未解聘等官样文件以为自己卸责、为台大和警总脱罪，这种手法，是休想瞒得过明眼人的！
017.法官谷凤岐、陈世淙、蔡清游的自扰扰人.txt	273	一干二净	这就好比中国古代的杖刑。致命的杖刑有两种，一种当场就打死了；一种是打得半死了，不打了，抬回去医疗，但医疗无效，还是死了。——你不能说当场没打死、停止打了，再死人就不是打的责任，打人的人就可以推得一干二净。实际上，打人还是致死的直接原因。
017.法官谷凤岐、陈世淙、蔡清游的自扰扰人.txt	275	一干二净	这又好比罗马古代的彼拉多逻辑。彼拉多是罗马总督，他迫害耶稣，对耶稣见死不救，还说流这义人的血、罪不在我，以致耶稣被钉死十字架。耶稣致死的直接原因在彼拉多，彼拉多无法推得一干二净。
017.法官谷凤岐、陈世淙、蔡清游的自扰扰人.txt	277	落井下石	殷海光的情形正是如此。他有一支健笔，可是写文章没有地盘；他有一张利嘴，可是教学生没有讲台。本案的关键不在形式上争执的殷海光被攻击时有没有写文章为自己辩解；也不在靠国民党坐官的现代彼拉多台大校长钱思亮有没有续聘他，本案的关键是一个优秀知识分子的被迫害——被“落井下石”的全面迫害以致于死的令人悲愤的故事。只有从确认他被迫害属实的观点上，才能了解本案的真相。
017.法官谷凤岐、陈世淙、蔡清游的自扰扰人.txt	279	见义勇为	殷海光并未实际教过李敖，李敖只是见义勇为帮助殷海光，不论生前死后。李敖在台大学过一年法律、四年历史，又进过历史研究所。做研究生时，因为写文章揭发台大校长钱思亮以下的黑暗，才自动休学。因为研究历史，提到一九三三年到一九三四年间福建发生的“闽变”叛国事件。胡秋原因为参加了这次叛国行动，意想用法律判决来抹杀历史真相，而到法院告李敖诽谤。可是法官看到李敖提出的叛国证据、看到胡秋原他们如何连中华民国的国号和国旗都给改了，知道无法用法律判决来抹杀历史真相。只好避开历史不谈，只根据双方一些骂人的字眼，判了胡秋原和李敖双方都有罪。
017.法官谷凤岐、陈世淙、蔡清游的自扰扰人.txt	283	本是同根生	胡秋原想借法律判决来抹杀历史真相，三十年前在司法黑暗时代，都没有成功；三十年以后的今天，更不会成功。他明明以国民党反共大员的身份，配合国民党政府迫害自由主义者的政策、勾结国民党军方大员、压迫了“本是同根生”的知识分子。如今他想赖账，不但替他自己赖账，还替官方赖帐。赖账还不说，还想用法律判决来为他背书、来抹杀历史真相。法官先生不该中计，务请认清胡秋原这种人的用心所在，做出流芳千载的法律文献，而别做下遗臭万年的历史判决。
017.法官谷凤岐、陈世淙、蔡清游的自扰扰人.txt	283	遗臭万年	胡秋原想借法律判决来抹杀历史真相，三十年前在司法黑暗时代，都没有成功；三十年以后的今天，更不会成功。他明明以国民党反共大员的身份，配合国民党政府迫害自由主义者的政策、勾结国民党军方大员、压迫了“本是同根生”的知识分子。如今他想赖账，不但替他自己赖账，还替官方赖帐。赖账还不说，还想用法律判决来为他背书、来抹杀历史真相。法官先生不该中计，务请认清胡秋原这种人的用心所在，做出流芳千载的法律文献，而别做下遗臭万年的历史判决。
017.法官谷凤岐、陈世淙、蔡清游的自扰扰人.txt	337	万岁	附证二六——谢聪敏《谈景美军法看守所》页二八二；李世杰：《军法看守所九年》页四八二；李敖：《上诉·上诉·上》页七七；李敖：《千秋-万岁-合》页一九六—一九八。
018.法官施俊尧的荒谬判决.txt	79	瞒天过海	第③个李敖是法人，如要告如能告的话，只能另行去告，不能混进告自然人李敖的案子里瞒天过海。
018.法官施俊尧的荒谬判决.txt	99	不了了之	李敖出版社自登记以来，发行人凡三变，其中因出版李敖著《孙中山研究》，被台北市政府新闻处移送地检处，要兴文字狱，李敖为了不延及无辜，故挺身担任发行人以为对抗，后来地检处不了了之，李敖旋即辞去发行人了，前后为时甚短。法官施俊尧不明实情与真相，胶柱鼓瑟、问道于盲，谬拿不正确的户口誊本代替正确的行政院新闻局出版执照，自然闹了笑话。
018.法官施俊尧的荒谬判决.txt	99	胶柱鼓瑟	李敖出版社自登记以来，发行人凡三变，其中因出版李敖著《孙中山研究》，被台北市政府新闻处移送地检处，要兴文字狱，李敖为了不延及无辜，故挺身担任发行人以为对抗，后来地检处不了了之，李敖旋即辞去发行人了，前后为时甚短。法官施俊尧不明实情与真相，胶柱鼓瑟、问道于盲，谬拿不正确的户口誊本代替正确的行政院新闻局出版执照，自然闹了笑话。
018.法官施俊尧的荒谬判决.txt	111	无中生有	法官施俊尧无中生有，竟捏造广告内容
018.法官施俊尧的荒谬判决.txt	117	无中生有	这种判决，也是笑话。查求是报刊登广告，据判决书所开乃是“依卷附之一九九一年六月十三日、七月廿五日、八月六日求是报”所刊。但细查广告内容（附证八），根本没有刊出《我的殷海光》一书及《乌鸦评论》杂志广告！《我的殷海光》一书乃远流出版公司出版，依约早已绝版；而《乌鸦评论》杂志早在求是报创刊前两年（一九八九年三月十七日）即休刊绝版，又何来广告？法官施俊尧无中生有，竟捏造广告内容，从而罗织李敖入罪，这是什么作风？
018.法官施俊尧的荒谬判决.txt	151	偷天换日	但法官施俊尧却不守不告不理的基本原则，大捞过界，竟代胡秋原变更起控告内容来！在判决书事实栏“教职皆不能保了”之下、竟用括号代填“反诉人误为解聘”一行字，偷天换日，从而坐实胡秋原所告事实乃与李敖原文一致，这种悍然不告却理并代反诉人抽换控告内容的干法，试问哪一国法官干得出来？
018.法官施俊尧的荒谬判决.txt	167	一望而知	据此核对，一望而知法官施俊尧指胡秋原致函台大迫害殷海光乃属“私德”云云，乃是大笑话！这证明了法官施俊尧的法律程度出了问题！
018.法官施俊尧的荒谬判决.txt	189	牛头不对马嘴	胡秋原写文章评论殷海光，李敖写文章评论胡秋原，因为殷海光、胡秋原皆为文化界的公众知名之士，其行为都属该条第三款“可受公评之事”。在李敖写文章之时（一九八八年十月十四日以前），与胡秋原既未笔仗又未涉讼，又何来法官施俊尧所说的“自卫、自辩或保护合法之利益”情事？法官施俊尧明明把该条第三款“可受公评之事”错成第一款“自卫、自辩或保护合法之利益”之事，而谬指李敖“显已逾越防卫、辩白之必要程度范围，亦非属维护其依法应享受之权益”，这不是牛头不对马嘴吗？做法官的，论事用法，务得其实其情，根本既非自卫等情况却硬说是这种情况而入李
018.法官施俊尧的荒谬判决.txt	201	耐人寻味	②台大表面上官样文件所说的“未有‘未续聘’之记载”，并不就是殷海光没有被迫离开台大的证明。这正是殷海光所说的：“这一现象也可以使我们明白，今日台湾真正的内情很不容易从表面看清楚。”——表面是未“未续聘”，实际却早就不能教书了。今日台大只会写未“未续聘”，却不敢写“未禁教（未禁止教书）”，此中奥妙，耐人寻味。
018.法官施俊尧的荒谬判决.txt	203	白纸黑字	③胡秋原想从台大回法院信中推论殷海光并未被台大解聘，但这一真相，不须李敖来说，光从胡秋原自己的白纸黑字上，就可推翻台大的信了。三年前，胡秋原自己在《中华杂志》第三一九期上，就写着：
018.法官施俊尧的荒谬判决.txt	207	白纸黑字	看到了吧？用断钉截铁肯定语气，指出“殷海光被台大解聘”、“解职”这一事实的，就连胡秋原自己，就为文证明之！——自己的白纸黑字忘得一干二净，反倒回过头来，想改口说台大并没解聘殷海光，这不是大矛盾吗？这一附卷的关键性证据，法官施俊尧都视而不见，也不详为阐述舍弃理由，就擅作判决，未免太粗心了吧？
018.法官施俊尧的荒谬判决.txt	207	视而不见	看到了吧？用断钉截铁肯定语气，指出“殷海光被台大解聘”、“解职”这一事实的，就连胡秋原自己，就为文证明之！——自己的白纸黑字忘得一干二净，反倒回过头来，想改口说台大并没解聘殷海光，这不是大矛盾吗？这一附卷的关键性证据，法官施俊尧都视而不见，也不详为阐述舍弃理由，就擅作判决，未免太粗心了吧？
018.法官施俊尧的荒谬判决.txt	207	一干二净	看到了吧？用断钉截铁肯定语气，指出“殷海光被台大解聘”、“解职”这一事实的，就连胡秋原自己，就为文证明之！——自己的白纸黑字忘得一干二净，反倒回过头来，想改口说台大并没解聘殷海光，这不是大矛盾吗？这一附卷的关键性证据，法官施俊尧都视而不见，也不详为阐述舍弃理由，就擅作判决，未免太粗心了吧？
018.法官施俊尧的荒谬判决.txt	217	锯箭法	⑦至于判决书说“况殷海光先生系因胃癌病逝亦有殷海光纪念集附卷可参”，更见法官施俊尧的瞪眼抹杀证据。因为《殷海光纪念集》明说殷海光是因被迫害“折磨出胃癌”、“是他患上癌症的原因。”（见附卷书中轩辕辙、胡欣平文）法官施俊尧可公然把附卷证据做一百八十度的扭曲处理，无异变造证据，真令人惊异！只说胃癌而死而舍致癌原因于不问，一如只说中弹而死而舍开枪之人于不问，此“锯箭法”审案也，又安得其平乎？“某行为与其他条件相结合发生结果，而该条件于行为时已存在者，其行为与结果有相当因果关系。如甲体弱患病，乙不知情，二人因事口角，乙挥拳殴
018.法官施俊尧的荒谬判决.txt	221	息息相关	以上所说，只是就本案程序为主，论证法官施俊尧的枉法裁判，至于他公然违反《刑事诉讼法》第二九〇条，抹杀被告之最后陈述权，在被告最后陈述后仍让对造发言反驳（有李敖声请保留之录音带可证），更是否定“刑事被告有最后辩论权”（二十一上一七）的“豪举”，其判决根本为违背法令，自不待言。因与本案枉法裁判息息相关，故列之于后，以俟调查。
019.法官施俊尧的揑造证据.txt	3	无中生有	台北地方法院法官施俊尧，在“八十一年度自更一字第十六号”判决中，枉法裁判，其中最严重的是两次捏造证据，以无中生有的虚伪事实，陷人于罪。兹纠出如下：
019.法官施俊尧的揑造证据.txt	15	不学无术，误人子弟	第二年5月，胡秋原在官方曾有奖助的《中华杂志》上，继续落井下石，发表《为学术诈欺告有关方面》。6月，胡秋原正式行文给毫无“太学祭酒”风骨的台大校长钱思亮，提出二十五个问题，要殷海光答复，如不答复，就视同“不学无术，误人子弟”，应该停止教书……
019.法官施俊尧的揑造证据.txt	15	落井下石	第二年5月，胡秋原在官方曾有奖助的《中华杂志》上，继续落井下石，发表《为学术诈欺告有关方面》。6月，胡秋原正式行文给毫无“太学祭酒”风骨的台大校长钱思亮，提出二十五个问题，要殷海光答复，如不答复，就视同“不学无术，误人子弟”，应该停止教书……
019.法官施俊尧的揑造证据.txt	17	落井下石	可见胡秋原、徐高阮对殷海光落井下石之深！我真不知道，欣赏胡秋原的知识分子，对这种落井下石如何解释，你们的良知究竟何在？至于欣赏徐高阮的，那就更令人深味了。徐高阮死后，他的吊丧行列里居然出现了“总政战部主任”“调查局局长”“情报局局长”！他的背景，原来这般。
020.法官陈国梁、刘景星、张连财的枉法裁判.txt	3	节外生枝	胡秋原前在《中华杂志》写文章，时间写了一年、内容写了十七万字，诽谤李敖，被李敖告到台北法院。结果，胡秋原刑事上被判罪定谳、民事上也初赔了李敖三十五万属实。本来这个案子是单方面的诽谤案，但胡秋原节外生枝，被告以后反诉李敖，变成了案外案。
020.法官陈国梁、刘景星、张连财的枉法裁判.txt	27	毫不相干	则显而易见的，第一号证据《我的殷海光》与第二号证据《乌鸦评论》早因“已逾告诉期间”而摒出本案之外。此二“证据”，亦与本案毫不相干。既毫不相干，又何能与第三号证据《李敖自传与回忆》发生“连续行为”？又何来“概括犯意”？《刑事诉讼法》第一五四条明定“犯罪事实应依证据认定之”，《我的殷海光》与《乌鸦评论》既属“已逾告诉期间”的范围，则在卷中自应认定为“已逾告诉期间”的非证据，又何能拈之即来，蒙混成为犯罪事实之证据？对这种根本非证据的所谓“证据”，漏未审酌，予以排除，反而一网兜收、罗织入罪，此法官陈国梁、刘景星、张连财枉法
020.法官陈国梁、刘景星、张连财的枉法裁判.txt	37	不学无术，误人子弟	第二年5月，胡秋原在官方曾有奖助的《中华杂志》上，继续落井下石，发表《为学术诈欺告有关方面》。6月，胡秋原正式行文给毫无“太学祭酒”风骨的台大校长钱思亮，提出二十五个问题，要殷海光答复，如不答复，就视同“不学无术，误人子弟”，应该停止教书……
020.法官陈国梁、刘景星、张连财的枉法裁判.txt	37	落井下石	第二年5月，胡秋原在官方曾有奖助的《中华杂志》上，继续落井下石，发表《为学术诈欺告有关方面》。6月，胡秋原正式行文给毫无“太学祭酒”风骨的台大校长钱思亮，提出二十五个问题，要殷海光答复，如不答复，就视同“不学无术，误人子弟”，应该停止教书……
020.法官陈国梁、刘景星、张连财的枉法裁判.txt	39	落井下石	可见胡秋原、徐高阮对殷海光落井下石之深！我真不知道，欣赏胡秋原的知识分子，对这种落井下石如何解释，你们的良知究竟何在？至于欣赏徐高阮的，那就更令人深味了。徐高阮死后，他的吊丧行列里居然出现了“总政战部主任”“调查局局长”“情报局局长”！他的背景，原来这般。
020.法官陈国梁、刘景星、张连财的枉法裁判.txt	51	无中生有	一核对之下，便知道在教职不保、呕气而死的关键点上，《李敖自传与回忆》中，根本就没有法官陈国梁、刘景星、张连财所说的“内容大略相同”之事！正相反的，而是内容根本不同！既然内容根本不同，又何来“成立连续犯”？何来“概括犯意”？对这种无中生有、异中造同的证据，漏未审酌，予以明辨，反而一网兜收、罗织入罪，此法官陈国梁、刘景星、张连财枉法裁判者二也！
020.法官陈国梁、刘景星、张连财的枉法裁判.txt	101	青史留名	（此状中所有证据，均在原卷中早经附卷，请调卷可稽。惟为再审方便，亦将重要证据附后，以便查考。至于法官陈国梁、刘景星、张连财其他零星枉法裁判部分，因照抄地院判决，与地院法官施俊尧错误不无雷同，特检附“法官施俊尧的荒谬判决”与“法官施俊尧的捏造证据”各一件，以为概括驳斥。地院法官施俊尧、高院法官陈国梁、刘景星、张连财之诸多枉法裁判行为，除向监察院、司法院检举外，并将全部文卷，刊登海内外报章之上，以儆不法、以为当代酷吏青史留名也！）
021.法官陈国梁、刘景星、张连财的判决笑话.txt	37	视而不见	再据《出版法》第三条第二项，明定新闻纸系公司组织者其发行权在公司。但据附卷之“行政院新闻局出版事业登记证”，明定求是报的发行所名称是“求是报社文化企业有限公司”，求是报发行人虽是李敖，但报纸却是公司组织。再据附卷之台北市建设局登记的“求是报社文化企业有限公司设立登记事项卡”，正面明列董事一人、背面明列该董事为“邓丽华”。依《公司法》第八条：“公司负责人……在……股份有限公司为董事。”足证登广告等业务行为乃是法人公司“董事”“邓丽华”及其手下广告业务负责人之行为，与发行人李敖无涉。法官陈国梁、刘景星、张连财对以上这两
021.法官陈国梁、刘景星、张连财的判决笑话.txt	39	视而不见	三、法官陈国梁、刘景星、张连财不懂出版业务、出版契约而闹出笑话。说李敖将书由李敖出版社名义刊登广告于求是报求售，但依照“台北市政府营利事业登记证”，明列李敖出版社为“负责人姓名：王自义”“独资”所有，营业项目包含图书“买卖业务”，足证代销并做广告，是王自义的李敖出版社行为。此复有“台北市出版商业同业公会”发给王自义的“会员证书”可证。——李敖出版社是商号、王自义是他人，皆非李敖。写文章的李敖是自然人，他不等于是李敖出版社商号，也不等于是负责人、所有人。何况，再依照《著作权转让契约》，明订《李敖自传与回忆》是属“卖断
023.欲减之罪，何患无辞.txt	17	白纸黑字	等语，足证“具体指摘”四字已为最高法院法官蒋嵘华、郑汉龙、丁锦清、黄聪明、刘敬一所认同并加以白纸黑字的写出。既然认同并写出“具体指摘”四字，又何能在同一判决书中又写出“并未举出具体之事实以为指摘或传述”的话？这显然“所载理由矛盾”。
023.欲减之罪，何患无辞.txt	27	欲加之罪，何患无辞	令人奇怪的是，原卷附证俱在，法官蒋嵘华、郑汉龙、丁锦清、黄聪明、刘敬一为什么不翻翻看或调查调查看？胡秋原诽谤李敖的文字，是以连载形式，时间前后长达九个月、内容丰富长达十七万字出现的，这是一时兴起、逞一时口舌之快的简单公然侮辱吗？正相反的，只要翻翻原卷或一经调查，就知道十七万字中，“具体之事实”可太多了！法官蒋嵘华、郑汉龙、丁锦清、黄聪明、刘敬一可真浓缩有术！他们可从十七万字中，挑出“骗子”、“真小人的无赖”、“变造文书”、“掩饰其汉奸卖国工作”、“流氓造谣”等二十五个字来送做堆——把丰富的大量“具体之事实”简化为区
023.欲减之罪，何患无辞.txt	27	光明正大	令人奇怪的是，原卷附证俱在，法官蒋嵘华、郑汉龙、丁锦清、黄聪明、刘敬一为什么不翻翻看或调查调查看？胡秋原诽谤李敖的文字，是以连载形式，时间前后长达九个月、内容丰富长达十七万字出现的，这是一时兴起、逞一时口舌之快的简单公然侮辱吗？正相反的，只要翻翻原卷或一经调查，就知道十七万字中，“具体之事实”可太多了！法官蒋嵘华、郑汉龙、丁锦清、黄聪明、刘敬一可真浓缩有术！他们可从十七万字中，挑出“骗子”、“真小人的无赖”、“变造文书”、“掩饰其汉奸卖国工作”、“流氓造谣”等二十五个字来送做堆——把丰富的大量“具体之事实”简化为区
023.欲减之罪，何患无辞.txt	27	上下其手	令人奇怪的是，原卷附证俱在，法官蒋嵘华、郑汉龙、丁锦清、黄聪明、刘敬一为什么不翻翻看或调查调查看？胡秋原诽谤李敖的文字，是以连载形式，时间前后长达九个月、内容丰富长达十七万字出现的，这是一时兴起、逞一时口舌之快的简单公然侮辱吗？正相反的，只要翻翻原卷或一经调查，就知道十七万字中，“具体之事实”可太多了！法官蒋嵘华、郑汉龙、丁锦清、黄聪明、刘敬一可真浓缩有术！他们可从十七万字中，挑出“骗子”、“真小人的无赖”、“变造文书”、“掩饰其汉奸卖国工作”、“流氓造谣”等二十五个字来送做堆——把丰富的大量“具体之事实”简化为区
023.欲减之罪，何患无辞.txt	27	莫须有	令人奇怪的是，原卷附证俱在，法官蒋嵘华、郑汉龙、丁锦清、黄聪明、刘敬一为什么不翻翻看或调查调查看？胡秋原诽谤李敖的文字，是以连载形式，时间前后长达九个月、内容丰富长达十七万字出现的，这是一时兴起、逞一时口舌之快的简单公然侮辱吗？正相反的，只要翻翻原卷或一经调查，就知道十七万字中，“具体之事实”可太多了！法官蒋嵘华、郑汉龙、丁锦清、黄聪明、刘敬一可真浓缩有术！他们可从十七万字中，挑出“骗子”、“真小人的无赖”、“变造文书”、“掩饰其汉奸卖国工作”、“流氓造谣”等二十五个字来送做堆——把丰富的大量“具体之事实”简化为区
024.法官施俊尧的枉法审理.txt	15	节外生枝	可见刑事败诉者——“加害人”——在民事庭上只该针对自己“加害人之经济状况”提出答辩，以供法官量刑参考。换句话说，即被告胡秋原不能再就“被害人”是否为“汉奸”、“流氓”再节外生枝，因这一部分早已被刑事庭判决否定在卷。民事庭上谈的只该是“加害人经济状况’，根本不能又冒出以“汉奸”、“流氓”来“自卫”、“自辩”、“正当防卫”。胡秋原可以以自己经济能力来哭穷、来闪躲，但不能又来“自卫”、“自辩”、“正当防卫”，因为所谓“自卫”、“自辩”乃是刑法第三百十一条的项目；“正当防卫”乃是刑法第二十三条的项目。关于前者，刑事庭判决并
024.法官施俊尧的枉法审理.txt	51	只字不提	可见重点所在。本案法官施俊尧在判决书中对证人“证言”有否瑕疵，只字不提；只就证人“身分”，一棒打杀，即谓其有“偏颇回护之情”遽予不采，如此胡来武断，这叫什么证据法则？如此法官玩法，真是司法之耻啊！
024.法官施俊尧的枉法审理.txt	55	胡扯八扯	一、去年六月十日，胡秋原在所谓“刑事反诉状”中，胡扯八扯，写了八十一行，可是只有一行跟反诉有关；写了两千三百四十八个字，可是只有十八个字跟反诉有关，这一行十八个字就是：“诬指反诉人公然在法庭谩骂其为‘汉奸’、‘流氓’。”
024.法官施俊尧的枉法审理.txt	57	胡扯八扯	二、除了这一行十八个字外，所谓反诉状中全在胡扯八扯。例如一开始说李敖“在中西文化论战中失败后，怀恨在心，继而写文谩骂古今学者四、五十人，反诉人亦在其中。”事实上，中西文化论战在李敖写文章时还没开始，没开始又何来失败，又何来失败后怀恨在心？并且文化论战下来，李敖是胜利者，真正失败后怀恨在心的，不在李敖这一方。像这种胡扯八扯，内容颠三倒四、错误百出的所谓反诉，全与案情无关，不必答辩，也不值得一辩。
024.法官施俊尧的枉法审理.txt	61	不知所云	四、去年十二月五日，胡秋原又以“刑事反诉状”前来，全篇缠七扯八，不知所云。究其所指，答辩如下：
024.法官施俊尧的枉法审理.txt	69	莫名其妙	④更莫名其妙的是胡秋原在反诉状中说：“而彼等所证者，乃当日法官，两造律师均未听见，甚至李敖本人亦未听见。”全非事实。若没听见，怎会告胡秋原呢？打官司，打到这种包办法官、律师、甚至原告“听觉”的地步，可真太离谱、太神通广大了！
025.法官陈国梁、刘景星、张连财的又一枉法裁判.txt	11	断章取义	在这一判决书中，很明显的看到法官陈国梁、刘景星、张连财的离奇认定事实方式。原来是用断章取义、移花接木的手法在开脱被告。试核对今年二月十五日作证笔录（附证二），列表排比，便一目了然：
025.法官陈国梁、刘景星、张连财的又一枉法裁判.txt	11	移花接木	在这一判决书中，很明显的看到法官陈国梁、刘景星、张连财的离奇认定事实方式。原来是用断章取义、移花接木的手法在开脱被告。试核对今年二月十五日作证笔录（附证二），列表排比，便一目了然：
025.法官陈国梁、刘景星、张连财的又一枉法裁判.txt	31	记忆犹新	⑤谷正文在去年八月十二日作证时，笔录中有如下问答。法官问：“他是单纯骂他汉奸、流氓，或是引用其他文书？”谷正文答：“我只听到骂汉奸、流氓。”可见使谷正文印象深刻的，正是“骂汉奸、流氓”的精彩情节。按诸常情，一有大声叫骂发生，正是旁听者最感兴趣的所在，因而记忆犹新。法官陈国梁、刘景星、张连财对去年八月十二日的证言，均漏未审酌，亦同有《刑事诉讼法》第四百二十一条之违误。
025.法官陈国梁、刘景星、张连财的又一枉法裁判.txt	41	视而不见	在这一判决书中，又很明显的看到法官陈国梁、刘景星、张连财的离奇认定事实方式。原来是用视而不见、听而不闻的手法在开脱被告。试核对去年八月十二日作证笔录（附证四），列表排比，便一目了然：
025.法官陈国梁、刘景星、张连财的又一枉法裁判.txt	41	听而不闻	在这一判决书中，又很明显的看到法官陈国梁、刘景星、张连财的离奇认定事实方式。原来是用视而不见、听而不闻的手法在开脱被告。试核对去年八月十二日作证笔录（附证四），列表排比，便一目了然：
025.法官陈国梁、刘景星、张连财的又一枉法裁判.txt	51	断章取义	法官陈国梁、刘景星、张连财为了开脱胡秋原，不惜吹毛求疵、不求证人谷正文、周之鸣两人证言的“大同”部分，而以硬指为“小异”横加认定，并以硬指为“小异”之处，断章取义、移花接木，互证其非。但是对第三证人胡基峻，因人在美国未传到庭，无法以互证其非手法开脱，就只好判决说：
025.法官陈国梁、刘景星、张连财的又一枉法裁判.txt	51	移花接木	法官陈国梁、刘景星、张连财为了开脱胡秋原，不惜吹毛求疵、不求证人谷正文、周之鸣两人证言的“大同”部分，而以硬指为“小异”横加认定，并以硬指为“小异”之处，断章取义、移花接木，互证其非。但是对第三证人胡基峻，因人在美国未传到庭，无法以互证其非手法开脱，就只好判决说：
025.法官陈国梁、刘景星、张连财的又一枉法裁判.txt	67	青史留名	（此状中所有证据，均在原卷中早经附卷，请调卷可稽。惟为再审方便，亦将重要证据附后，以便查考。至于法官陈国梁、刘景星、张连财之诸多枉法裁判行为，除向监察院、司法院检举外，并将全部文卷，刊登海内外报章之上，以儆不法、以使此辈法曹青史留名也！）
026.法官房阿生、蔡光治、黄赛月的枉法裁判.txt	5	头头是道	一、判决书理由栏“壹、自诉部分三”之(一)中说：“按自诉案件系以自诉之事实认定之，当不受自诉法条之限制。”说得头头是道。但一揆诸实际，法官房阿生、蔡光治、黄赛月却暗中删减“自诉之事实”，对照列表，立刻无所遁形：
026.法官房阿生、蔡光治、黄赛月的枉法裁判.txt	5	无所遁形	一、判决书理由栏“壹、自诉部分三”之(一)中说：“按自诉案件系以自诉之事实认定之，当不受自诉法条之限制。”说得头头是道。但一揆诸实际，法官房阿生、蔡光治、黄赛月却暗中删减“自诉之事实”，对照列表，立刻无所遁形：
026.法官房阿生、蔡光治、黄赛月的枉法裁判.txt	27	孤陋寡闻	㈤法官房阿生、蔡光治、黄赛月最令人不解的，是他们的生活常识，他们认定要“市面出售”的才算。但什么算“市面出售”？卷中有李敖提出买《中央日报》、《联合报》合订本的证据，买这些合订本，“市面”是绝对买不到的，而要径向该报社去买，一如要向胡秋原的杂志社去买，这样不“市面”，是否即非商业行为呢？是否即非散布行为呢？这通吗？这种孤陋寡闻，竟出自“中华民国高等法院法官”的笔下，真未免“没见过市面”了吧？何况“市面”上且专有邮购商店、国际上且有邮购百货公司，照法官房阿生、蔡光治、黄赛月的标准，这些商店与公司，当然是绝不存在的哟！
026.法官房阿生、蔡光治、黄赛月的枉法裁判.txt	29	口口声声	㈥法官房阿生、蔡光治、黄赛月口口声声咬定是“搜购”，但不买不购，又凭何得悉书中有诽谤之言？又从何附证而向法院提出？难道只能去图书馆去读该杂志，不许购买，才能成立吗？这不是笑话吗？
026.法官房阿生、蔡光治、黄赛月的枉法裁判.txt	35	青史留名	综核法官房阿生、蔡光治、黄赛月所为，除循监察院检举、最高法院非常上诉外，李敖决定公布本件于中外报章书刊之上，以为他们青史留名。——他们以堂堂高等法院法官之尊，竟写出这种水平的判决书来，还不该遗臭万年吗？
026.法官房阿生、蔡光治、黄赛月的枉法裁判.txt	35	遗臭万年	综核法官房阿生、蔡光治、黄赛月所为，除循监察院检举、最高法院非常上诉外，李敖决定公布本件于中外报章书刊之上，以为他们青史留名。——他们以堂堂高等法院法官之尊，竟写出这种水平的判决书来，还不该遗臭万年吗？
027.质问施启扬和法官李炫德、黄清江、王锦村、庄秋桃.txt	11	李代桃僵	怎么吃掉的呢？用的是“李代桃僵法”。
027.质问施启扬和法官李炫德、黄清江、王锦村、庄秋桃.txt	13	黄鱼两吃	所谓桃僵，是六十年高雄市政府有一个“临海特定区市地重划”（简称“临海计划”，用这计划要求汪家出具切结书，答应官方条件。但是，“临海计划”根本没有实施，桃早就僵了。依法，既以实施“临海计划”为条件而做了提供重划费用的切结书，既未实施，切结书自应以条件不成就早已失效。虽然如此，官方却把它捏在手里，不发还人民，暗中准备他年黄鱼两吃之用。
027.质问施启扬和法官李炫德、黄清江、王锦村、庄秋桃.txt	15	李代桃僵	“临海计划”桃僵后十六年，官方来了“九期计划”硬说“九期计划”即“临海计划”以“李代桃僵法”硬说两计划同一。但是桃是桃、李是李，要僵尸复活，得复活出桃僵尸才行，怎么能“指李为桃”呢？固然古代宦官有“指鹿为马”的笑话，不过宦官只是自己出丑，法官并不为宦官背书。但是，在巧宦施启扬带领下的台湾法官，从高雄地院的法官李炫德到高雄高院的法官黄清江、王锦村、庄秋桃，却居然判出了鹿就是马、桃就是李！——受害人汪家在土地被巧取豪夺后，辛苦张罗七百万的裁判费送请法院做正义裁判，换来的判决竟粗糙如此！这是哪一国的裁判品量呢？
027.质问施启扬和法官李炫德、黄清江、王锦村、庄秋桃.txt	15	指鹿为马	“临海计划”桃僵后十六年，官方来了“九期计划”硬说“九期计划”即“临海计划”以“李代桃僵法”硬说两计划同一。但是桃是桃、李是李，要僵尸复活，得复活出桃僵尸才行，怎么能“指李为桃”呢？固然古代宦官有“指鹿为马”的笑话，不过宦官只是自己出丑，法官并不为宦官背书。但是，在巧宦施启扬带领下的台湾法官，从高雄地院的法官李炫德到高雄高院的法官黄清江、王锦村、庄秋桃，却居然判出了鹿就是马、桃就是李！——受害人汪家在土地被巧取豪夺后，辛苦张罗七百万的裁判费送请法院做正义裁判，换来的判决竟粗糙如此！这是哪一国的裁判品量呢？
027.质问施启扬和法官李炫德、黄清江、王锦村、庄秋桃.txt	45	面目全非	在①时间不同一方面——两计划相距时差达十六年之久，十六年是何等物换星移的变化！能说一九一一的清宣统三年和一九二七的民国十六年是同一吗？把十六年后面目全非的牛头，硬对上十六年前从未实施的马嘴，而强谓同一，天下有是理乎？
027.质问施启扬和法官李炫德、黄清江、王锦村、庄秋桃.txt	49	画蛇添足	在③名称不同一方面——两计划顾名思义，一望而知是不同的两个独立计划，否则为何不继续用“临海计划”的名称而画蛇添足、巧立名目？可见“九期计划”是别有所指的另一计划。何况，只消仔细追查，就知道七十年四月十七日高雄市政府工都字第八八七〇号公告中，已有“临海计划”“未能照原计划实施”的字样，另在七十三年五月十五日高市府地五字一三二六三号函件中，也有“临海计划”“未能照原计划实施”（附证一）的明文，“临海计划”既根本未能实施，又何来针对“临海计划”的切结书的永远有效？
027.质问施启扬和法官李炫德、黄清江、王锦村、庄秋桃.txt	49	一望而知	在③名称不同一方面——两计划顾名思义，一望而知是不同的两个独立计划，否则为何不继续用“临海计划”的名称而画蛇添足、巧立名目？可见“九期计划”是别有所指的另一计划。何况，只消仔细追查，就知道七十年四月十七日高雄市政府工都字第八八七〇号公告中，已有“临海计划”“未能照原计划实施”的字样，另在七十三年五月十五日高市府地五字一三二六三号函件中，也有“临海计划”“未能照原计划实施”（附证一）的明文，“临海计划”既根本未能实施，又何来针对“临海计划”的切结书的永远有效？
027.质问施启扬和法官李炫德、黄清江、王锦村、庄秋桃.txt	51	不折不扣	在④公告不同一方面——两计划各自独立公告，公告既未表明后者是前者的修正案，自然是独立的重划案。“九期计划”既是经依平均地权条例第五十六条及都市土地重划实施办法第九条规定，再报经内政部准予照办，则依第五十六条第一项“各级主管机关……报经上级主管机关核准后办理市地重划……”、第二项“依前项规定办理市地重划时，主管机关应……送经上级主管机关核定公告满三十日后实施之”的规定；及第九条“选定之重划地区尚未发布细部计划或其细部计划须变更者，应于完成细部计划之拟定或变更程序后，再行办理重划”的规定，重划案成立前所应遵循的程序，都
027.质问施启扬和法官李炫德、黄清江、王锦村、庄秋桃.txt	55	不折不扣	在⑥范围不同一方面——经查“临海计划”不能实施，原因众多，其中之一是违建户存在。该计划胎死腹中后，经十多年的协商，乃有高雄市政府做出“新草衙违建户占用市有公地处理原则”；而后重新划定范围别有“九期计划”。足证“九期计划”是不折不扣的违建户。解决后的新范围，违建户不解决，连界址都没有，何来重划？既然新范围与原范围不同一，中间隔了没有界址的违建，何能飞地过河，直接越过违建，硬说二计划同一？
027.质问施启扬和法官李炫德、黄清江、王锦村、庄秋桃.txt	59	白纸黑字	在⑧对象不同一方面——汪家出具切结书所涉的土地，早在六十年间售与现在所有人，土地所有权也早经移转登记完毕，高雄市政府自应以“九期计划”实施当时之各参加重划土地所有权人为征收对象，岂能回头向原地主算账？自是侵害他人财产权并获取不法利益。何况，当年该市政府已经取得当时所有权人即现在所有人的承诺书在手，已安全无虞，何能卖方买方两个对象都不放过？又何况，汪家把土地卖给现在所有人时，契约书上也明定现在所有人承诺负担重划费用，其中最大者为出资承建房屋人孙和贵，他分得房地百分之六十，计三十三戸，在合约书第四条中明定承诺由其分得的
027.质问施启扬和法官李炫德、黄清江、王锦村、庄秋桃.txt	59	画蛇添足	在⑧对象不同一方面——汪家出具切结书所涉的土地，早在六十年间售与现在所有人，土地所有权也早经移转登记完毕，高雄市政府自应以“九期计划”实施当时之各参加重划土地所有权人为征收对象，岂能回头向原地主算账？自是侵害他人财产权并获取不法利益。何况，当年该市政府已经取得当时所有权人即现在所有人的承诺书在手，已安全无虞，何能卖方买方两个对象都不放过？又何况，汪家把土地卖给现在所有人时，契约书上也明定现在所有人承诺负担重划费用，其中最大者为出资承建房屋人孙和贵，他分得房地百分之六十，计三十三戸，在合约书第四条中明定承诺由其分得的
027.质问施启扬和法官李炫德、黄清江、王锦村、庄秋桃.txt	85	倒打一耙	最反讽的是，法官这样回护高雄市政府，这个市政府的市长——国民党大员吴敦义，却在亲民秀之时，恩将仇报，倒打一耙：他说人民对司法的不信任，乃源于法官的“乌西”（闽南语，贿赂也）！吴敦义谈话一出，法官王锦村、庄秋桃立即强烈指摘，王锦村出席记者会，问吴市长：地王案民事官司，市政府到底“乌西”法官多少钱，才判了你胜诉？（附证四）
027.质问施启扬和法官李炫德、黄清江、王锦村、庄秋桃.txt	85	恩将仇报	最反讽的是，法官这样回护高雄市政府，这个市政府的市长——国民党大员吴敦义，却在亲民秀之时，恩将仇报，倒打一耙：他说人民对司法的不信任，乃源于法官的“乌西”（闽南语，贿赂也）！吴敦义谈话一出，法官王锦村、庄秋桃立即强烈指摘，王锦村出席记者会，问吴市长：地王案民事官司，市政府到底“乌西”法官多少钱，才判了你胜诉？（附证四）
027.质问施启扬和法官李炫德、黄清江、王锦村、庄秋桃.txt	87	官官相护	我们相信审理本案的法官绝对没被高雄市政府“乌西”，但是，做法官的不被“乌西”，根本不算什么，因为是个人就不该被“乌西”，何况法官？做法官的，该有积极称职一面才成。那一面就是“莫恃清官胆气粗”，别以为你不要钱就可粗糙判案。同时也不可官官相护，当人民与官衙诉讼，一判再判，都是人民输、官衙赢的时候，法官理应有勇气主持正义。但是，几十年来，但见官衙欺人民，难见人民得胜诉，不“乌西”的法官，难道不觉得奇怪、觉得惭愧吗？
027.质问施启扬和法官李炫德、黄清江、王锦村、庄秋桃.txt	89	占了便宜还卖乖	另一方面，看到高雄市政府多年来一路欺负人民、欺负汪家，再回过头来看它的市长吴敦义指摘法官，真令人一则以喜、一则以惧。喜的是法官恶质，连党同的吴敦义都要伐异以示清白，岂不可喜？惧的是吴敦义在剥牛皮的恶质上，也是《官场现形记》中的丑陋官僚，这种丑陋官僚一边欺负人民一边做亲民秀，占了便宜还卖乖，真是可耻之事。可耻之事而公然行之，人不以为异，足见天下是非沦亡，岂不可惧？
027.质问施启扬和法官李炫德、黄清江、王锦村、庄秋桃.txt	91	弃暗投明	贪污分子国民党总统李登辉卵翼下的司法院长国民党大员施启扬，就是一个拿红包的坏分子，此有李敖著《施启扬要红包》一书可证（附证五）。这个官僚上台后，以国民党一党之私，倡言司法清明来招摇撞骗，人不以为异，自然也属天下是非沦亡的外一章。本案这一理由状，特别揭橥报端，以示质问，除勉励三审法官守正不阿外，并盼弃暗投明，努力执法。否则名垂青史却遗臭万年，保证人人有份。法律在你们手里，但正义与历史却在李敖手里。请看李敖与汪荣祖合写的《蒋介石评传》，就知道什么叫遗臭万年。——做流芳的法官呢还是做遗臭的法官，全靠智者的一择。
027.质问施启扬和法官李炫德、黄清江、王锦村、庄秋桃.txt	91	守正不阿	贪污分子国民党总统李登辉卵翼下的司法院长国民党大员施启扬，就是一个拿红包的坏分子，此有李敖著《施启扬要红包》一书可证（附证五）。这个官僚上台后，以国民党一党之私，倡言司法清明来招摇撞骗，人不以为异，自然也属天下是非沦亡的外一章。本案这一理由状，特别揭橥报端，以示质问，除勉励三审法官守正不阿外，并盼弃暗投明，努力执法。否则名垂青史却遗臭万年，保证人人有份。法律在你们手里，但正义与历史却在李敖手里。请看李敖与汪荣祖合写的《蒋介石评传》，就知道什么叫遗臭万年。——做流芳的法官呢还是做遗臭的法官，全靠智者的一择。
027.质问施启扬和法官李炫德、黄清江、王锦村、庄秋桃.txt	91	遗臭万年	贪污分子国民党总统李登辉卵翼下的司法院长国民党大员施启扬，就是一个拿红包的坏分子，此有李敖著《施启扬要红包》一书可证（附证五）。这个官僚上台后，以国民党一党之私，倡言司法清明来招摇撞骗，人不以为异，自然也属天下是非沦亡的外一章。本案这一理由状，特别揭橥报端，以示质问，除勉励三审法官守正不阿外，并盼弃暗投明，努力执法。否则名垂青史却遗臭万年，保证人人有份。法律在你们手里，但正义与历史却在李敖手里。请看李敖与汪荣祖合写的《蒋介石评传》，就知道什么叫遗臭万年。——做流芳的法官呢还是做遗臭的法官，全靠智者的一择。
027.质问施启扬和法官李炫德、黄清江、王锦村、庄秋桃.txt	99	官官相护	二、国民党政府以民主党政改革自诩，并向国际宣传，但欺负人民如此，算什么民主？官官相护如此，算什么宪政？以司法为行政服务如此，算什么改革？如果第三审法官仍然枉法，适足以向世界显示台湾政改的真面目。如此品质的司法，能在国际上亮相吗？据九月七日自立晚报载二十一世纪基金会《台湾地区一九九五年社会满意度民意调查报告》，人民对司法公正的满意度，在排行上已倒数第一。——司法公信力已沦落至此，岂不值得法官们反省反省？本案等第三审五位法官判决后，我们将公布他们大名以为褒贬，谁该赞美、谁该谴责，一律昭示于天下。我们盼法官能向历史交代，
